id,X1,X2,X3,X4,X5,X6,X7,X8,X9,X10,X11,X12,X13,X14,X15,X16,y
0,47,42,28,25,53,61,72,65,44,27,15,16,22,43,79,98,0
1,-78,-57,-16,30,67,98,126,133,119,90,57,20,-26,-51,-72,-76,0
2,31,12,-19,-32,-48,-45,-29,56,65,85,97,67,15,-24,-37,-27,0
3,-48,-84,-64,-29,39,60,50,15,-31,-52,-36,-52,-51,-35,-65,-101,0
4,-56,-18,4,16,-1,33,9,-33,-90,-140,-177,-165,-143,-124,-44,10,0
5,42,2,-18,-11,2,21,39,51,64,76,100,101,90,60,16,-28,0
6,54,56,51,40,23,14,25,43,56,62,56,48,38,34,32,35,0
7,-143,-146,-140,-134,-112,-66,-25,6,13,11,-8,-28,-37,-54,-63,-83,0
8,-69,-66,-59,-38,-9,21,53,78,85,85,72,56,37,-3,-18,-43,0
9,-10,31,54,90,115,91,67,42,-8,-67,-89,-90,-101,-85,-26,9,0
10,-34,-20,-6,-9,-12,-7,-3,11,23,25,13,0,-12,-34,-52,-54,0
11,20,60,94,88,48,1,-21,-10,19,55,49,12,-41,-68,-58,-17,0
12,-4,-11,-10,0,12,15,15,3,-10,-13,-23,-46,-71,-92,-112,-113,0
13,-80,-60,-32,-6,18,53,75,86,86,69,52,19,-16,-50,-79,-84,0
14,-12,10,5,-10,-22,-62,-74,-70,-50,-43,-51,-54,-33,-30,-18,-14,0
15,37,-4,-43,-62,-58,-45,-29,-32,-56,-86,-101,-108,-108,-88,-64,-42,0
16,-13,-8,-2,20,20,-2,-32,-58,-55,-45,-26,-32,-42,-60,-55,-35,0
17,-103,-86,-66,-47,-39,-42,-43,-53,-70,-76,-88,-98,-100,-91,-84,-86,0
18,48,23,22,33,38,55,74,88,82,77,84,97,94,75,34,-7,0
19,61,43,2,-37,-73,-98,-120,-110,-87,-67,-50,-45,-33,-33,-23,-16,0
20,-4,-9,-16,-38,-52,-57,-56,-49,-26,-3,2,-6,-18,-36,-55,-59,0
21,74,72,53,34,8,-15,-30,-39,-43,-42,-19,10,55,104,140,147,0
22,3,29,41,52,36,18,1,-15,-29,-43,-45,-51,-56,-54,-56,-49,0
23,-141,-158,-151,-114,-67,-19,22,47,68,70,64,41,12,-24,-57,-56,0
24,-110,-103,-89,-67,-37,13,68,125,171,178,138,57,-30,-103,-149,-168,0
25,-85,-59,-50,-45,-51,-34,5,54,84,79,64,36,11,-4,-12,-29,0
26,22,33,27,11,0,-4,1,4,-10,-34,-50,-47,-39,-28,-11,3,0
27,28,43,50,43,12,-14,-26,-9,26,67,91,89,81,63,50,50,0
28,37,54,16,-24,-27,-17,-1,45,117,110,67,-7,-72,-105,-112,-100,0
29,-45,-68,-92,-113,-119,-118,-117,-123,-122,-108,-96,-74,-60,-51,-57,-57,0
30,-80,-62,-32,1,33,54,54,55,76,96,99,75,41,7,1,16,0
31,27,12,-15,-33,-7,4,9,15,14,-9,-37,-56,-52,-42,-39,-31,0
32,-77,-83,-93,-97,-102,-96,-84,-83,-98,-109,-111,-109,-91,-69,-43,-7,0
33,-22,-9,-1,-1,-12,-40,-65,-84,-90,-84,-64,-42,-30,-14,-4,-2,0
34,-61,-76,-61,-34,-5,25,51,66,79,94,99,91,69,48,19,-2,0
35,-138,-141,-117,-88,-60,-39,-30,-46,-64,-80,-96,-96,-88,-54,-24,-3,0
36,-59,-45,-6,43,69,85,79,53,25,16,14,20,45,68,70,55,0
37,-63,-68,-84,-92,-91,-81,-74,-63,-54,-44,-34,-22,-34,-65,-97,-126,0
38,23,34,30,24,41,61,83,90,77,25,-26,-47,-56,-52,-35,-16,0
39,129,162,148,70,-35,-129,-202,-214,-204,-159,-101,-41,11,50,78,89,0
40,20,31,49,62,57,45,23,10,-30,-56,-77,-78,-71,-55,-41,-22,0
41,-31,-37,-27,-19,-13,-6,-15,-22,-12,5,14,12,7,-10,-32,-47,0
42,-107,-60,-34,-18,6,10,-15,-17,-14,-37,-36,-10,-2,-24,-38,-49,0
43,-97,-65,-37,10,63,102,106,80,24,-73,-163,-225,-220,-178,-115,-63,0
44,-42,31,79,112,98,70,45,38,56,48,16,-35,-85,-100,-91,-48,0
45,20,-11,-67,-125,-150,-159,-140,-95,-45,-6,12,-2,-45,-80,-106,-125,0
46,62,66,130,145,115,68,69,62,36,40,58,59,64,103,85,39,0
47,-39,-30,-26,-27,-33,-48,-57,-70,-55,-43,-37,-29,-31,-34,-39,-37,0
48,-44,-34,-15,-6,0,1,-1,-18,-28,-34,-26,-8,5,18,1,-18,0
49,180,137,82,51,12,-36,-93,-119,-114,-91,-59,-13,54,111,142,145,0
50,36,17,1,-16,-27,-36,-26,6,15,16,16,17,5,-6,-25,-35,0
51,73,61,47,21,-4,-10,3,4,1,13,10,5,-4,-35,-53,-52,0
52,-41,-45,-61,-58,-34,-28,-10,19,62,71,63,40,17,-40,-75,-99,0
53,-44,22,31,22,-3,-37,-58,-73,-76,-68,-64,-58,-56,-56,-56,-46,0
54,210,181,105,2,-106,-190,-237,-253,-248,-222,-165,-83,7,83,137,162,0
55,-49,17,80,106,94,80,70,66,58,55,37,16,-3,-24,-32,-10,0
56,17,17,42,63,84,101,119,130,128,121,85,58,41,31,33,38,0
57,8,-16,-62,-87,-95,-106,-109,-93,-85,-98,-98,-91,-95,-106,-94,-97,0
58,42,-9,-37,-14,-28,-77,-87,-45,-48,-45,-29,-20,-30,-12,17,-14,0
59,41,39,17,-14,-30,-20,-1,16,6,-16,-41,-50,-37,-25,-15,-17,0
60,40,36,29,22,12,-7,-7,4,25,48,68,84,77,75,49,-6,0
61,-9,12,35,60,75,83,66,41,9,-17,-29,-21,-3,0,-1,-1,0
62,-11,-42,-66,-92,-100,-69,-30,-19,-1,19,10,-30,-45,-44,-49,-33,0
63,-61,-27,-5,-6,-20,-23,-23,-47,-45,-56,-43,-28,-17,2,15,-9,0
64,-16,-25,-42,-50,-53,-52,-42,-32,-24,-20,-10,-6,-4,8,23,22,0
65,-114,-125,-132,-104,-72,-95,-140,-157,-153,-117,-70,-27,-16,-23,-30,-62,0
66,31,34,32,38,34,27,22,8,-35,-54,-32,1,38,78,96,66,0
67,-26,-17,16,26,3,-12,-21,-22,-20,-37,-81,-91,-80,-69,-61,-59,0
68,-91,-44,-55,-74,-85,-80,-76,-80,-100,-121,-143,-156,-140,-116,-89,-70,0
69,38,75,81,52,-1,-29,-56,-115,-121,-136,-153,-115,-19,21,23,30,0
70,18,20,11,-13,-30,-37,-51,-56,-55,-46,-36,-34,-27,-28,-21,-16,0
71,-88,-33,15,43,53,51,16,-28,-30,-28,-29,-16,1,-5,-21,-11,0
72,-157,-164,-153,-113,-55,-1,45,63,41,2,-60,-120,-180,-201,-190,-158,0
73,-84,-134,-178,-206,-205,-188,-150,-96,-49,-13,9,19,18,20,29,27,0
74,37,35,9,-44,-94,-137,-158,-147,-123,-96,-83,-61,-36,-19,0,26,0
75,126,101,71,58,39,7,29,60,92,103,77,42,10,-10,-3,-21,0
76,9,21,29,41,60,76,94,94,73,43,0,-35,-54,-51,-42,-28,0
77,-52,-55,-51,-48,-31,-23,-31,-39,-36,-19,-4,10,10,3,-3,-2,0
78,22,32,29,-1,-34,-54,-48,-40,-36,-25,-22,-43,-43,-38,-54,-67,0
79,26,-39,-101,-132,-122,-85,-37,-4,23,41,55,66,95,115,126,116,0
80,37,68,92,92,60,31,-13,-49,-95,-114,-99,-74,-43,-35,-28,-7,0
81,32,13,-16,-51,-96,-128,-143,-156,-152,-144,-118,-75,-31,16,32,37,0
82,-24,-44,-64,-68,-62,-41,-24,14,39,100,161,168,119,41,-30,-79,0
83,-79,-67,-30,-8,5,-10,-26,-57,-79,-89,-107,-105,-78,-71,-69,-48,0
84,118,77,20,-21,-52,-65,-78,-69,-61,-60,-58,-70,-61,-56,-26,2,0
85,114,78,26,-27,-69,-93,-94,-71,-42,-13,-1,7,0,7,34,53,0
86,152,185,173,108,63,35,-19,-85,-86,-57,11,67,99,82,87,80,0
87,16,32,37,36,29,20,-11,-36,-57,-62,-55,-33,11,42,74,92,0
88,-115,-119,-110,-113,-106,-97,-73,-54,-34,-23,-27,-43,-68,-83,-101,-110,0
89,-124,-148,-151,-140,-117,-95,-72,-63,-43,-19,2,6,-11,-42,-85,-118,0
90,14,-4,-5,0,11,31,70,101,100,50,-31,-64,-52,-25,9,44,0
91,-74,-65,-56,-36,-19,-4,11,33,52,64,75,83,81,65,57,43,0
92,81,74,85,118,135,124,150,152,115,85,85,64,29,26,21,13,0
93,-6,15,36,55,56,57,53,50,35,23,20,15,18,12,6,-5,0
94,-109,-120,-117,-85,-28,32,86,129,143,114,54,-14,-72,-124,-142,-154,0
95,39,74,86,64,12,-54,-116,-150,-171,-178,-155,-120,-93,-84,-93,-97,0
96,32,36,26,-10,-17,-32,-35,-19,17,38,82,65,33,30,39,71,0
97,-86,-115,-133,-145,-148,-128,-91,-39,3,34,38,33,25,9,-13,-42,0
98,-61,-63,-75,-88,-96,-88,-63,-34,-1,19,35,37,27,-12,-59,-102,0
99,-78,-77,-102,-108,-88,-41,24,43,33,30,16,2,-6,-11,-26,-1,0
100,-50,-35,-23,-14,-6,6,12,27,44,38,11,-15,-21,-11,14,41,0
101,-73,-76,-63,-28,3,-15,-34,-32,-24,-29,-44,-56,-39,-40,-67,-80,0
102,3,-14,-40,-62,-77,-68,-50,-17,14,41,74,101,110,93,69,33,0
103,-4,-31,-64,-84,-89,-81,-56,-42,-41,-59,-75,-78,-58,-12,37,69,0
104,88,90,92,79,61,18,3,6,31,44,58,61,47,45,47,57,0
105,-119,-89,-55,-26,-19,-24,-26,-10,11,19,11,-23,-56,-72,-49,-8,0
106,-84,-85,-82,-83,-79,-61,-49,-36,-32,-35,-48,-77,-102,-133,-137,-119,0
107,121,150,170,170,145,94,7,-85,-171,-233,-276,-306,-288,-236,-166,-92,0
108,-46,-42,-22,20,75,120,145,140,123,102,87,72,41,14,-8,-29,0
109,50,20,-31,-71,-74,-79,-81,-46,12,41,42,22,-16,-62,-67,-50,0
110,-217,-250,-250,-214,-145,-54,32,109,170,220,262,274,242,187,125,74,0
111,-5,-37,-56,-50,-48,-62,-57,-54,-73,-71,-35,-34,-46,-15,2,-29,0
112,-162,-140,-112,-74,-51,-34,-17,5,24,35,48,35,7,-29,-56,-83,0
113,-153,-151,-136,-104,-70,-30,14,27,11,-39,-127,-157,-177,-183,-177,-175,0
114,-92,-90,-101,-105,-98,-95,-88,-92,-90,-106,-118,-130,-130,-121,-109,-91,0
115,-30,-66,-95,-126,-161,-180,-201,-211,-199,-150,-81,-14,43,51,26,-16,0
116,67,84,98,119,148,156,152,136,113,91,70,50,24,2,1,7,0
117,-95,-142,-128,-87,-44,-20,-19,-20,-14,2,25,34,19,1,-14,-22,0
118,35,18,12,31,57,76,71,56,31,7,1,4,3,-9,-12,-10,0
119,107,93,71,38,8,-14,-9,-5,-3,-9,-33,-55,-59,-39,-12,27,0
120,6,-10,-29,-52,-87,-134,-160,-158,-108,-72,-16,15,0,-17,-22,-67,0
121,-28,-11,8,31,43,50,48,57,47,19,-16,-42,-47,-39,-35,-47,0
122,-21,-32,-26,-26,-17,-33,-21,-21,-26,-44,-53,-62,-72,-76,-87,-101,0
123,-12,-31,-55,-59,-45,-2,43,74,81,57,17,-27,-49,-50,-32,-6,0
124,-16,21,74,93,79,74,66,35,5,10,16,9,8,15,9,20,0
125,-103,-109,-106,-92,-82,-65,-45,-36,-34,-34,-34,-30,-26,-25,-36,-59,0
126,-235,-197,-146,-87,-28,43,111,148,135,83,4,-50,-81,-107,-145,-174,0
127,-12,-32,-60,-83,-101,-91,-50,12,1,6,12,-15,-51,-64,-45,5,0
128,7,-19,-30,-64,-62,-31,8,40,63,18,-43,-38,-77,-99,-95,-67,0
129,-27,-25,-37,-35,-8,4,-15,-46,-44,-18,3,23,4,-14,-22,-17,0
130,12,-9,-32,-61,-99,-121,-125,-112,-96,-68,-37,-13,1,14,10,-8,0
131,-56,-25,-6,41,74,66,6,-60,-142,-187,-168,-149,-118,-76,-25,-10,0
132,-23,-24,-23,2,37,30,19,11,22,40,86,105,98,87,90,74,0
133,27,23,30,39,39,17,-8,-30,-47,-52,-54,-54,-49,-20,3,21,0
134,42,21,-13,-40,-61,-74,-85,-92,-101,-120,-122,-101,-53,-8,42,79,0
135,-33,-115,-174,-196,-210,-195,-151,-125,-67,26,100,117,128,74,7,-66,0
136,-244,-211,-153,-90,-22,30,73,102,116,103,49,-20,-97,-160,-186,-173,0
137,-46,-93,-134,-151,-155,-135,-92,-52,-23,-5,11,0,-22,-54,-77,-80,0
138,-43,-61,-52,-32,-22,-24,-38,-18,20,56,58,22,-37,-76,-60,-21,0
139,28,43,57,69,71,68,71,73,71,74,100,121,132,124,106,85,0
140,10,34,35,21,-3,-22,-36,-45,-51,-59,-73,-98,-112,-95,-68,-41,0
141,5,-50,-85,-92,-82,-52,-41,-33,-32,-16,13,19,21,4,-13,-20,0
142,113,114,105,99,90,75,69,61,61,56,62,75,86,89,81,83,0
143,22,30,24,16,-6,-9,2,8,-8,-38,-66,-82,-74,-55,-39,-34,0
144,-24,-37,-34,-32,-24,-5,16,41,64,76,75,69,64,61,47,36,0
145,-4,0,2,-1,-15,-23,-26,-26,-24,-2,10,14,19,11,5,-6,0
146,2,-5,-10,12,31,28,34,45,35,18,11,-8,-45,-62,-46,-55,0
147,-79,-130,-174,-190,-160,-87,14,80,105,68,14,-29,-19,17,28,-5,0
148,-84,-93,-86,-76,-67,-59,-53,-53,-67,-83,-97,-109,-108,-94,-77,-63,0
149,30,43,46,40,22,-8,-36,-57,-57,-67,-64,-65,-55,-48,-30,-6,0
150,54,81,58,46,43,21,-6,6,38,42,40,60,60,35,38,57,0
151,-29,-39,-58,-68,-61,-54,-35,-40,-29,-63,-87,-101,-102,-120,-102,-94,0
152,59,26,6,-7,-2,0,-5,-15,-6,24,50,65,73,78,88,111,0
153,104,32,26,11,-8,-3,26,42,31,56,74,-1,-25,-35,-81,-137,0
154,-81,-100,-127,-155,-146,-105,-38,-1,44,62,34,-5,-34,-46,-56,-24,0
155,-15,5,0,-11,19,50,33,25,23,-11,-50,-62,-78,-111,-111,-74,0
156,20,-3,-31,-53,-59,-67,-78,-86,-84,-81,-77,-71,-70,-82,-97,-101,0
157,-95,-55,-34,-36,-26,-9,15,32,21,-23,-95,-174,-243,-257,-219,-155,0
158,3,13,12,4,-8,-31,-27,-11,3,4,3,-7,-14,3,13,18,0
159,-122,-180,-214,-220,-200,-160,-101,-24,35,91,136,162,153,105,37,-57,0
160,-83,-91,-94,-112,-116,-170,-198,-188,-193,-206,-182,-124,-77,-70,-51,-24,0
161,-97,-130,-163,-173,-166,-135,-99,-76,-55,-48,-26,-20,-14,-26,-41,-59,0
162,-20,0,56,114,132,132,100,37,-27,-35,-19,-13,-4,14,17,-3,0
163,-27,-78,-119,-151,-165,-151,-129,-99,-60,-16,20,33,24,-2,-38,-47,0
164,-23,-16,-15,-27,-46,-56,-47,-32,-2,23,37,32,27,19,-3,-28,0
165,31,32,7,-15,-20,-25,-51,-68,-68,-66,-39,4,25,36,36,33,0
166,-50,-48,-43,-43,-33,-21,-37,-44,-39,-25,-21,-26,-31,-40,-37,-10,0
167,5,-40,-88,-125,-140,-146,-147,-130,-95,-55,-17,31,78,118,145,161,0
168,39,53,65,74,79,73,61,50,36,11,-1,-17,-43,-94,-138,-167,0
169,20,12,-5,-19,-35,-47,-54,-57,-49,-41,-13,19,50,71,76,71,0
170,23,-1,-18,-20,-1,29,62,59,22,-36,-84,-101,-98,-67,-43,-37,0
171,-21,-36,-71,-113,-157,-188,-175,-140,-100,-54,-19,-29,-69,-91,-115,-143,0
172,76,71,69,55,41,21,22,47,71,73,72,75,85,84,78,65,0
173,-55,-58,-56,-45,-29,-3,32,77,103,118,115,95,59,11,-38,-86,0
174,-20,-4,7,23,37,35,32,26,21,14,12,9,1,-5,-11,-15,0
175,107,75,49,28,21,26,27,32,24,25,42,74,99,120,135,146,0
176,-197,-238,-255,-245,-220,-186,-141,-98,-62,-18,32,87,111,120,101,52,0
177,9,-16,-46,-73,-110,-129,-140,-115,-100,-82,-28,-1,-7,-36,-96,-131,0
178,-56,-46,-54,-57,-65,-74,-75,-62,-70,-59,-37,-36,-45,-56,-61,-76,0
179,15,40,55,85,91,101,96,93,84,80,87,88,81,54,24,6,0
180,-23,-42,-44,-51,-41,-14,2,4,18,28,24,30,37,22,-18,-30,0
181,-103,-98,-92,-85,-76,-67,-68,-64,-56,-49,-50,-55,-54,-68,-84,-91,0
182,17,0,-3,13,16,8,-5,-3,-15,-20,-14,-20,-42,-48,-40,-48,0
183,-7,15,27,26,26,19,10,5,1,6,8,14,15,7,4,4,0
184,36,84,119,131,97,17,-101,-222,-290,-301,-266,-202,-130,-73,-29,6,0
185,-41,-61,-58,-60,-37,-33,-48,-35,-19,-16,-29,-56,-87,-100,-94,-85,0
186,-68,-76,-68,-41,-1,31,67,69,57,35,27,19,17,29,40,44,0
187,-2,-93,-167,-211,-227,-208,-160,-86,-18,37,101,147,150,116,39,-38,0
188,-49,-41,-31,-31,-37,-27,-9,5,23,33,36,37,39,49,45,38,0
189,68,78,81,66,62,36,17,-5,-11,-10,-23,-19,-15,17,62,113,0
190,-60,-73,-64,-33,2,32,48,48,18,-6,-31,-38,-46,-48,-46,-54,0
191,51,86,101,84,50,10,-23,-55,-66,-54,-35,-17,7,34,57,70,0
192,-8,-24,-35,-30,-21,9,35,48,41,27,16,3,-15,-26,-31,-31,0
193,15,6,-13,-29,-48,-62,-65,-54,-45,-29,-19,-27,-47,-70,-80,-83,0
194,119,92,69,84,96,99,102,128,134,131,126,93,28,-6,1,-28,0
195,-65,-67,-60,-43,-23,-8,-3,-12,-29,-37,-46,-49,-39,2,52,97,0
196,36,34,31,30,14,4,-13,-29,-29,0,46,71,71,52,43,42,0
197,-16,-35,-44,-18,27,65,78,51,26,-2,-30,-43,-53,-46,-35,-8,0
198,65,76,65,46,18,-13,-27,-35,-35,-31,-22,-23,-20,-9,-3,5,0
199,43,65,49,37,25,-26,-91,-136,-187,-229,-218,-188,-148,-82,-11,27,0
200,-59,-64,-71,-61,-73,-99,-101,-73,-56,-25,26,58,54,47,47,13,0
201,39,46,27,-6,-65,-133,-180,-182,-152,-127,-109,-91,-77,-52,-7,28,0
202,82,91,100,99,78,43,19,9,7,7,13,13,9,14,12,16,0
203,13,66,127,192,227,245,221,164,77,-16,-101,-168,-206,-219,-214,-206,0
204,-34,-64,-76,-83,-71,-43,-6,24,44,57,58,68,78,83,73,59,0
205,44,43,44,42,37,45,55,73,94,114,117,128,122,113,91,81,0
206,30,35,26,22,18,32,42,43,44,56,70,68,61,49,58,74,0
207,-82,-78,-77,-78,-67,-56,-22,-2,16,23,50,87,116,116,96,64,0
208,-27,-26,-31,-50,-70,-89,-113,-127,-127,-120,-112,-101,-95,-87,-75,-67,0
209,2,-7,-6,2,13,43,69,65,27,5,0,-16,-20,-6,4,5,0
210,-99,-111,-122,-127,-103,-49,21,77,96,100,74,35,-9,-52,-85,-104,0
211,20,-11,-51,-78,-86,-82,-70,-45,-17,15,46,72,97,119,147,140,0
212,65,59,35,-2,-48,-87,-111,-106,-86,-71,-73,-64,-45,-16,7,9,0
213,-91,-76,-58,-30,3,21,13,-6,-25,-54,-54,-49,-60,-37,3,16,0
214,-78,-39,-1,6,-34,-71,-114,-170,-213,-191,-140,-88,-49,-31,-44,-74,0
215,-93,-101,-88,-58,-30,-21,-25,-34,-53,-77,-106,-124,-128,-114,-88,-68,0
216,-35,-48,-66,-75,-52,-15,25,53,65,48,21,17,13,19,19,16,0
217,174,201,204,155,73,-19,-77,-95,-88,-63,-38,-18,12,52,82,97,0
218,47,63,68,76,83,77,67,47,28,-10,-45,-78,-100,-107,-84,-45,0
219,24,31,37,45,55,56,52,38,15,-17,-44,-66,-82,-66,-33,5,0
220,17,23,58,82,116,130,110,53,-34,-95,-139,-156,-166,-138,-85,-29,0
221,-118,-114,-102,-95,-86,-83,-87,-82,-83,-78,-75,-61,-58,-45,-28,-37,0
222,-68,-39,12,65,98,100,79,50,27,15,-3,-26,-48,-62,-71,-62,0
223,58,46,22,19,25,29,5,-24,-47,-86,-127,-150,-145,-149,-139,-110,0
224,-12,-11,2,26,82,106,90,47,1,-3,-62,-122,-131,-135,-138,-100,0
225,-55,-53,-52,-58,-57,-45,-31,-15,13,31,33,12,-19,-53,-76,-81,0
226,15,26,42,47,27,6,20,36,40,43,15,-28,-50,-18,8,13,0
227,-42,-34,-37,-51,-61,-70,-71,-56,-37,-15,-2,11,13,5,7,9,0
228,160,140,114,105,103,103,108,106,95,70,48,22,10,0,-7,-4,0
229,-77,-98,-84,-53,-22,10,29,40,41,39,25,23,35,46,42,18,0
230,-35,-35,-35,-32,-33,-21,-29,-42,-30,-4,6,-23,-36,-32,-52,-77,0
231,-54,-31,-15,6,30,55,56,41,24,4,-12,-21,-26,-44,-58,-54,0
232,6,-5,-9,-17,-26,-49,-83,-134,-169,-180,-151,-95,-18,61,115,150,0
233,-61,-75,-77,-74,-76,-72,-69,-70,-85,-92,-100,-101,-89,-69,-42,-34,0
234,51,54,48,36,20,-6,-16,-25,-47,-44,-22,1,3,11,9,-8,0
235,-51,-58,-45,-30,-26,-35,-45,-69,-78,-83,-80,-62,-37,-21,-35,-35,0
236,-84,-96,-117,-131,-141,-137,-126,-114,-109,-105,-94,-87,-86,-91,-113,-137,0
237,33,50,55,53,39,15,-11,-40,-73,-85,-80,-82,-65,-36,-3,36,0
238,-131,-137,-124,-86,-32,9,17,20,15,7,3,0,1,24,69,115,0
239,-33,0,41,90,128,135,129,102,65,51,37,41,43,54,62,69,0
240,-83,-49,-9,34,55,75,107,147,166,134,35,-93,-214,-277,-255,-172,0
241,4,-42,-62,-66,-54,-13,43,65,47,19,6,-20,-25,-17,-28,-52,0
242,-5,-19,-21,-19,-24,-19,-21,-24,-27,-17,-2,0,-1,5,4,3,0
243,51,88,84,88,77,37,10,4,-2,14,82,132,123,98,75,27,0
244,-41,-11,-14,10,36,28,3,2,-18,-53,-67,-65,-76,-78,-53,-32,0
245,36,26,33,48,47,36,37,21,-13,-29,-46,-81,-112,-118,-121,-118,0
246,90,164,222,246,249,229,205,161,87,-6,-72,-87,-56,-24,-6,35,0
247,-27,-19,-9,-10,-21,-33,-43,-31,-1,31,37,33,14,-4,-19,-41,0
248,-26,-5,-6,-39,-62,-45,-3,53,97,113,88,47,14,-16,-30,-10,0
249,26,15,9,14,41,70,99,116,119,116,114,113,94,60,26,-4,0
250,94,83,56,-1,-18,-71,-112,-116,-108,-92,-40,38,53,73,55,76,0
251,-64,-68,-62,-42,-33,-42,-47,-85,-74,-69,-61,-64,-73,-55,-44,-34,0
252,21,7,-4,-16,-19,-20,-10,8,30,56,62,56,48,32,14,-10,0
253,2,10,5,-5,-27,-34,-23,-5,5,15,9,5,2,1,-11,-40,0
254,-7,13,25,33,15,-15,-44,-66,-78,-81,-94,-112,-120,-111,-98,-79,0
255,-22,-19,-2,41,72,98,88,65,37,21,34,44,28,21,18,12,0
256,-73,-75,-63,-50,-34,-15,35,69,99,90,56,-11,-63,-117,-168,-190,0
257,-30,-64,-119,-169,-176,-168,-142,-124,-114,-112,-107,-100,-103,-82,-45,-37,0
258,24,17,23,26,20,3,-7,-24,-48,-83,-113,-130,-127,-103,-75,-39,0
259,-75,-110,-154,-191,-183,-150,-115,-56,-2,9,20,14,5,-39,-69,-65,0
260,-92,-74,-65,-55,-37,-11,10,39,65,72,58,31,2,-7,16,81,0
261,47,18,-7,0,24,25,37,66,68,71,75,49,-8,-45,-46,-54,0
262,-85,-83,-100,-98,-89,-111,-141,-140,-149,-167,-171,-139,-94,-48,1,15,0
263,-13,2,24,38,40,43,54,70,76,71,40,-5,-55,-88,-106,-114,0
264,-10,-40,-46,-35,-21,-22,-22,-11,7,30,46,51,35,13,-2,-18,0
265,-50,-32,-29,-32,-70,-88,-76,-77,-64,-32,-11,-20,-9,7,-39,-60,0
266,-14,48,86,118,125,107,63,-16,-101,-178,-234,-255,-241,-205,-153,-84,0
267,-42,-27,-6,10,23,31,46,70,77,80,60,18,-32,-77,-85,-73,0
268,-36,-3,18,27,20,-9,-49,-99,-122,-141,-117,-78,-29,1,-1,-11,0
269,-41,-64,-77,-83,-87,-91,-78,-65,-39,-12,19,33,33,31,23,9,0
270,129,90,28,14,-10,-3,46,101,135,151,130,82,107,99,72,58,0
271,89,76,59,39,24,5,-22,-45,-62,-60,-42,-9,28,53,87,109,0
272,-24,-33,-42,-54,-59,-66,-52,-48,-41,-54,-61,-57,-53,-36,-24,-13,0
273,-30,-42,-51,-36,-54,-58,-68,-75,-78,-89,-95,-91,-57,-29,-8,-14,0
274,62,41,17,-3,-27,-32,-35,-25,-9,9,17,25,32,29,24,19,0
275,-106,-93,-72,-47,-22,3,15,15,32,56,64,53,11,-45,-94,-122,0
276,-88,-131,-146,-144,-137,-128,-111,-74,-33,11,52,73,72,54,32,-11,0
277,-117,-126,-61,4,27,90,75,49,-1,-48,-83,-67,-57,-28,15,30,0
278,4,22,27,21,6,-5,-9,-3,0,1,-21,-34,-44,-44,-38,-22,0
279,24,-13,-32,-45,-43,-43,-51,-63,-62,-47,-28,9,59,100,114,101,0
280,-45,-45,-43,-39,-41,-48,-56,-49,-35,-29,-24,-13,-3,1,-3,-13,0
281,-109,-121,-140,-148,-149,-131,-93,-56,-21,-1,5,-12,-39,-61,-76,-78,0
282,105,80,48,5,-42,-91,-145,-172,-168,-142,-105,-68,-23,14,57,87,0
283,38,46,38,26,15,9,14,28,41,43,45,32,9,-14,-23,-22,0
284,101,148,172,161,120,44,-30,-95,-159,-205,-229,-238,-209,-142,-74,-26,0
285,-121,-102,-79,-57,-29,-1,17,21,24,15,3,2,-4,-12,-34,-41,0
286,61,33,-3,-51,-99,-133,-153,-161,-160,-155,-154,-154,-154,-152,-134,-80,0
287,28,39,43,34,7,-15,-25,-30,-22,-9,10,19,29,27,15,2,0
288,-72,-78,-75,-57,-30,-2,26,36,32,18,7,-18,-39,-44,-29,-7,0
289,50,55,40,27,5,-2,4,15,36,59,87,95,95,83,68,33,0
290,-26,-33,-46,-57,-57,-52,-54,-73,-91,-104,-106,-104,-98,-92,-92,-90,0
291,-11,-43,-73,-101,-106,-77,-32,22,71,106,123,128,115,76,33,-3,0
292,-4,24,59,90,107,105,92,69,50,41,26,12,-14,-34,-36,3,0
293,-63,-65,-50,-20,4,8,-8,-47,-72,-76,-64,-46,-20,8,23,35,0
294,14,30,22,-8,-34,-60,-77,-74,-11,43,85,153,174,148,102,68,0
295,-121,-104,-99,-107,-104,-113,-121,-118,-106,-92,-73,-33,0,8,2,-3,0
296,27,19,-7,-33,-56,-79,-94,-98,-83,-68,-36,-17,-7,-8,-12,2,0
297,-107,-101,-79,-63,-44,-27,15,50,54,42,-22,-94,-135,-130,-113,-96,0
298,51,35,19,13,24,48,71,82,81,71,75,86,101,119,136,135,0
299,48,47,47,34,13,-11,-23,-25,-35,-34,-38,-43,-60,-59,-47,-47,0
300,-177,-158,-115,-77,-27,-3,21,16,-15,-71,-117,-156,-164,-160,-141,-129,0
301,47,16,-30,-56,-41,11,48,48,26,-5,-10,13,42,45,13,-20,0
302,-1,3,8,21,27,24,24,35,35,25,13,3,-7,-11,0,10,0
303,-15,-2,32,46,55,42,26,9,-22,-19,-51,-62,-56,-60,-33,-17,0
304,-61,-41,-9,7,5,-26,-61,-86,-99,-82,-49,-11,-5,-10,-23,-41,0
305,1,-27,-33,-9,-21,-24,11,35,23,8,11,-20,-35,-8,20,11,0
306,-5,-25,-32,-13,-50,4,47,49,22,-53,-74,-50,-55,-53,-23,2,0
307,-2,-7,-10,-23,-18,-29,-41,-37,-25,-18,2,-15,-41,-54,-68,-78,0
308,-128,-154,-151,-137,-123,-103,-79,-59,-31,-10,-5,-19,-43,-57,-74,-75,0
309,200,175,127,54,-16,-71,-95,-94,-57,2,38,49,38,36,47,71,0
310,13,-9,-43,-93,-134,-159,-156,-132,-106,-61,-11,34,67,81,73,29,0
311,-10,-14,-26,-52,-72,-84,-91,-70,-45,-16,-6,1,5,7,5,-5,0
312,-82,-88,-84,-70,-39,-35,-50,-73,-72,-71,-74,-52,-39,-39,-47,-49,0
313,-104,-125,-133,-133,-147,-117,-63,-46,-52,-68,-93,-128,-124,-101,-81,-66,0
314,57,27,-10,-43,-74,-87,-94,-93,-82,-61,-35,-16,7,19,16,5,0
315,90,50,7,-59,-124,-145,-147,-129,-93,-41,8,58,86,71,55,24,0
316,-216,-193,-148,-99,-54,-12,26,67,97,116,109,107,65,-8,-92,-142,0
317,-2,-24,-64,-47,-23,-12,13,11,-41,-95,-116,-139,-147,-136,-76,-48,0
318,3,19,38,65,70,83,94,102,99,83,64,29,13,5,11,21,0
319,12,9,-24,-56,-59,-48,-20,-3,9,45,44,23,-26,-73,-68,-29,0
320,23,-18,-58,-98,-126,-141,-124,-83,-38,-6,30,62,63,44,2,-30,0
321,58,35,16,2,-6,-18,-28,-28,-37,-36,-31,-27,-25,-35,-44,-50,0
322,74,49,33,12,0,-22,-29,-28,-22,1,23,50,61,70,70,64,0
323,98,65,32,-24,-53,-31,1,26,64,96,85,55,16,-24,-47,-24,0
324,-37,-35,-56,-71,-73,-106,-105,-59,-1,36,54,52,30,2,-41,-74,0
325,-73,-30,10,25,18,-21,-71,-144,-213,-245,-242,-221,-195,-163,-117,-61,0
326,-65,-42,-22,-9,0,14,25,17,5,-17,-41,-76,-98,-100,-93,-78,0
327,7,-1,2,11,16,31,23,14,1,7,23,37,48,45,27,1,0
328,-35,12,54,79,59,21,-28,-67,-103,-143,-146,-149,-130,-107,-78,-57,0
329,-10,-13,-39,-63,-71,-105,-134,-155,-174,-144,-98,-43,-18,-12,-17,-46,0
330,9,10,0,-29,-42,-47,-43,-55,-54,-36,-8,12,27,10,-33,-83,0
331,2,2,25,45,43,37,69,101,139,185,251,284,295,291,235,129,0
332,-15,-12,-27,-50,-39,-2,90,151,182,181,143,65,14,10,33,43,0
333,23,36,36,33,5,-15,-28,-33,-41,-36,-19,-2,14,9,-10,-32,0
334,-17,-25,-20,-20,-12,-17,-12,-13,-18,-21,-13,-21,-23,-21,-17,-14,0
335,-24,6,32,49,39,32,20,14,16,24,24,14,9,9,11,8,0
336,-66,-70,-77,-76,-71,-66,-59,-69,-88,-97,-97,-103,-105,-104,-107,-108,0
337,-13,6,14,5,-25,-61,-97,-130,-157,-161,-157,-138,-123,-116,-106,-115,0
338,-65,-68,-70,-80,-95,-95,-72,-59,-62,-61,-56,-77,-117,-122,-114,-125,0
339,85,92,87,57,13,-42,-109,-165,-210,-224,-202,-145,-74,-19,29,55,0
340,12,24,30,32,42,50,38,36,27,15,-1,-12,-20,-35,-23,-7,0
341,-58,-68,-52,-43,-57,-51,-30,-42,-88,-86,-63,-54,-37,10,21,7,0
342,35,0,-36,-61,-71,-60,-38,-29,-31,-40,-30,-12,24,48,61,66,0
343,30,47,54,41,9,-8,-24,-36,-43,-43,-41,-50,-51,-64,-72,-70,0
344,-75,-26,3,17,27,49,51,34,-15,-73,-137,-180,-206,-200,-173,-134,0
345,22,25,25,16,14,9,5,0,-4,-8,-2,19,36,49,52,51,0
346,-32,-2,32,38,0,-38,-86,-84,-62,-50,-30,-43,-31,-22,-3,0,0
347,11,2,-1,3,18,41,46,40,11,-34,-73,-98,-106,-107,-88,-63,0
348,32,18,-9,-17,-12,6,28,49,77,86,91,88,80,63,49,44,0
349,12,-9,-12,-8,-3,45,60,61,63,63,69,68,54,70,68,0,0
350,-100,-110,-71,-34,-27,-56,-93,-134,-149,-152,-160,-176,-172,-138,-106,-75,0
351,-4,4,2,-1,-8,-25,-62,-82,-99,-101,-100,-88,-76,-74,-64,-66,0
352,-66,-58,-37,-9,20,35,57,69,60,40,18,0,-20,-40,-67,-100,0
353,46,13,-22,-40,-44,-60,-55,-20,16,52,89,114,98,60,11,-39,0
354,15,28,25,13,4,6,12,5,-13,-26,-33,-30,-13,18,30,36,0
355,-58,-79,-90,-85,-63,-23,16,32,40,47,51,53,51,46,25,6,0
356,-11,-44,-70,-43,-28,7,130,176,173,134,85,39,23,27,20,25,0
357,87,75,45,1,-35,-59,-68,-70,-74,-90,-98,-95,-73,-40,8,57,0
358,123,67,-12,-89,-143,-154,-134,-92,-54,-19,16,59,106,136,154,127,0
359,42,22,-3,-24,-41,-51,-36,-3,28,60,80,79,53,34,3,-14,0
360,6,36,42,18,-12,-39,-53,-50,-34,-11,1,-1,-17,-41,-53,-51,0
361,38,53,72,81,60,50,37,1,-29,-32,-40,-54,-30,34,71,76,0
362,65,2,-75,-116,-127,-136,-115,-83,-62,-49,-27,4,31,51,59,40,0
363,30,-11,-59,-107,-149,-173,-158,-125,-81,-36,8,38,51,57,44,23,0
364,49,58,68,75,81,72,72,65,49,22,-5,-45,-82,-98,-99,-77,0
365,67,57,8,-42,-76,-82,-51,8,64,94,108,95,42,-3,-34,-59,0
366,-1,11,59,93,94,84,60,24,-1,-1,-14,-37,-45,-28,3,78,0
367,-39,-30,-25,-14,-11,-25,-28,-36,-38,-31,-15,-1,11,11,3,-13,0
368,34,45,37,4,-30,-53,-86,-106,-125,-119,-115,-97,-80,-65,-32,4,0
369,25,42,44,40,32,30,8,-7,-16,-11,6,23,38,31,21,12,0
370,38,-56,-132,-175,-205,-199,-162,-127,-99,-68,-16,44,92,102,45,-53,0
371,-9,-19,-27,-35,-54,-58,-55,-48,-22,27,53,36,1,-44,-81,-110,0
372,50,47,23,-9,-30,-47,-42,-42,-40,-37,-35,-31,-31,-12,-4,1,0
373,-51,-14,38,74,77,50,7,-32,-56,-54,-63,-82,-95,-95,-73,-37,0
374,-28,-68,-92,-110,-112,-119,-122,-115,-94,-66,-22,34,67,81,60,22,0
375,-63,-50,-22,-38,-46,-16,9,14,10,3,-11,-7,14,2,-29,-47,0
376,-42,-64,-68,-50,-35,-15,7,22,31,29,34,31,31,31,16,-7,0
377,-60,-16,6,24,29,33,30,31,34,7,-8,-34,-54,-85,-112,-121,0
378,-16,-29,-7,4,-5,0,-23,-68,-83,-73,-73,-73,-34,2,20,35,0
379,-45,-53,-67,-85,-109,-120,-128,-120,-97,-57,-22,-2,16,24,21,-3,0
380,-43,-25,2,10,6,-24,-58,-90,-116,-125,-121,-102,-92,-72,-56,-41,0
381,92,68,40,31,50,63,59,28,-20,-54,-59,-38,-21,-9,-8,-8,0
382,14,0,12,23,-1,-33,-66,-96,-116,-109,-74,-52,-24,12,45,57,0
383,-143,-87,-46,-25,16,33,20,12,18,-4,-11,26,45,45,53,73,0
384,26,26,21,28,39,52,55,52,43,25,12,14,17,21,29,30,0
385,32,11,12,38,56,70,70,72,75,69,73,76,92,101,91,41,0
386,-8,-13,-36,-76,-115,-145,-147,-126,-88,-37,9,42,57,70,65,51,0
387,51,84,96,90,80,73,79,76,62,36,6,-8,-33,-49,-67,-78,0
388,48,61,69,67,46,15,-6,-13,-1,15,25,7,-21,-45,-50,-28,0
389,2,6,22,-3,15,50,48,61,70,82,53,26,21,-2,-15,-35,0
390,-55,-51,-37,-16,11,13,0,-22,-38,-54,-64,-68,-88,-96,-87,-64,0
391,-25,-10,6,21,36,58,64,59,44,25,-3,-27,-50,-55,-45,-12,0
392,-139,-134,-150,-158,-159,-180,-208,-209,-197,-184,-136,-74,-30,-20,-41,-98,0
393,-35,-58,-84,-105,-112,-111,-87,-47,1,24,41,51,61,64,42,-1,0
394,41,31,6,-40,-65,-71,-56,-41,-33,-34,-50,-64,-75,-77,-77,-49,0
395,-81,-110,-118,-132,-150,-137,-102,-80,-84,-80,-92,-124,-130,-110,-105,-117,0
396,32,32,36,44,52,62,83,104,136,150,158,149,117,94,73,66,0
397,-32,-27,-19,-16,-32,-45,-34,-11,4,-1,-4,-5,1,10,23,32,0
398,-25,-21,-36,-41,-40,-30,-10,-1,-10,-25,-30,-24,-12,3,18,13,0
399,34,34,40,23,-11,-29,-26,-27,-22,-6,14,19,25,38,37,30,0
400,29,21,-3,-16,33,10,-8,-5,9,14,-7,-1,15,-2,-5,6,1
401,26,17,-1,-10,29,9,-5,-4,6,12,-8,1,13,-2,-3,5,1
402,23,10,0,-3,26,7,-2,-1,5,13,-7,3,11,-1,0,2,1
403,21,5,-1,4,23,6,-1,1,3,13,-8,8,10,1,4,-1,1
404,22,-2,-2,11,21,6,0,3,2,12,-8,12,11,3,7,-3,1
405,21,-6,-4,17,20,3,1,4,2,11,-7,16,12,3,10,-5,1
406,19,-7,-8,28,20,5,8,1,5,-2,7,16,12,7,18,-12,1
407,20,-3,-6,26,19,11,10,-2,6,-3,8,14,10,8,18,-12,1
408,19,4,-3,23,19,16,14,-7,7,-4,8,11,8,8,18,-12,1
409,17,12,-2,18,19,20,18,-11,7,-4,8,9,5,6,17,-9,1
410,14,17,-1,15,18,24,21,-14,6,-3,5,6,5,2,9,-5,1
411,12,20,-1,12,14,25,22,-16,4,-1,3,3,2,1,3,1,1
412,12,19,-1,11,11,23,21,-13,3,2,-1,-2,1,-1,-4,6,1
413,11,18,0,10,9,20,19,-7,3,6,-4,-5,0,0,-10,10,1
414,12,16,1,9,8,16,14,-1,4,10,-6,-8,-1,0,-14,13,1
415,13,15,2,7,9,13,8,6,6,13,-8,-11,-1,0,-15,14,1
416,11,15,3,4,9,9,3,13,5,14,-8,-11,0,-2,-12,14,1
417,10,16,1,1,8,7,-5,16,3,14,-8,-11,1,-5,-10,12,1
418,8,18,-2,-5,7,6,-10,18,1,13,-7,-10,1,-8,-7,9,1
419,6,18,-2,-7,5,6,-15,18,-1,13,-6,-9,-1,-8,-4,6,1
420,4,20,-4,-13,4,6,-19,17,-5,11,-6,-8,-2,-9,-1,4,1
421,3,20,-5,-14,6,5,-21,17,-7,10,-5,-7,-4,-8,2,1,1
422,2,22,-7,-15,9,3,-22,13,-9,8,-4,-5,-4,-8,5,-2,1
423,4,19,-8,-14,10,2,-22,12,-14,8,-2,-4,-6,-6,7,-7,1
424,6,15,-9,-14,9,3,-23,10,-16,6,-1,-2,-9,-4,10,-10,1
425,8,9,-10,-13,7,6,-25,8,-17,6,1,-4,-9,-2,12,-14,1
426,10,6,-9,-13,3,9,-24,6,-18,4,2,-3,-12,0,13,-17,1
427,10,2,-8,-14,0,10,-24,4,-19,3,4,-3,-12,-1,14,-17,1
428,10,-2,-6,-14,-2,9,-23,4,-19,-1,6,-4,-13,-3,13,-17,1
429,7,-4,-4,-13,-2,6,-22,4,-17,-5,6,-3,-13,-5,10,-13,1
430,5,-7,-3,-11,-2,3,-19,4,-18,-9,7,-3,-14,-5,7,-10,1
431,3,-10,-2,-8,-2,0,-18,4,-18,-12,5,-2,-17,-6,4,-6,1
432,-7,-7,-15,6,-6,-6,-18,6,-18,-15,-11,6,-11,-17,-7,-4,1
433,-7,-10,-16,5,-7,-7,-20,4,-16,-18,-13,5,-11,-17,-10,-5,1
434,-7,-12,-17,0,-9,-7,-22,4,-13,-21,-17,4,-11,-18,-14,-5,1
435,-8,-11,-18,-2,-10,-10,-21,3,-11,-21,-19,4,-11,-20,-14,-4,1
436,-4,-13,-6,-19,-14,-11,-20,4,-18,-9,-8,-8,-18,-20,-14,8,1
437,-5,-12,-4,-21,-14,-11,-21,5,-19,-10,-7,-10,-18,-21,-14,8,1
438,-7,-12,-2,-22,-13,-13,-20,5,-19,-10,-7,-10,-17,-22,-14,8,1
439,-9,-10,1,-23,-14,-13,-19,5,-16,-12,-6,-11,-16,-23,-14,8,1
440,-14,-30,-18,35,-11,-11,-5,1,-9,-19,-33,31,-8,-18,-9,2,1
441,-14,-28,-19,32,-10,-11,-7,2,-11,-20,-36,34,-6,-20,-9,3,1
442,-12,-25,-18,27,-10,-11,-9,3,-11,-20,-37,35,-6,-23,-9,5,1
443,-12,-20,-17,22,-11,-9,-11,6,-10,-20,-37,34,-6,-23,-10,6,1
444,-12,-16,-16,16,-10,-9,-14,6,-9,-19,-36,32,-8,-21,-11,7,1
445,-12,-11,-16,11,-11,-8,-17,5,-8,-18,-36,28,-9,-20,-13,8,1
446,-12,-6,-15,5,-8,-9,-17,5,-8,-17,-34,24,-8,-20,-15,8,1
447,-11,-6,-14,2,-8,-9,-16,4,-9,-14,-31,20,-7,-19,-17,7,1
448,-7,-7,-14,-2,-6,-10,-17,4,-11,-11,-28,14,-5,-19,-19,8,1
449,-3,-10,-13,-4,-4,-12,-16,4,-13,-8,-23,9,-2,-19,-19,7,1
450,1,-14,-10,-4,-3,-13,-15,3,-11,-7,-20,4,-1,-19,-19,7,1
451,3,-18,-7,-3,-3,-14,-11,3,-9,-4,-16,-2,-1,-16,-19,7,1
452,5,-21,-1,-4,-4,-13,-7,3,-4,1,-10,-14,-3,-8,-21,4,1
453,6,-19,2,-6,-3,-12,-5,2,-1,4,-8,-21,-5,-3,-21,2,1
454,9,-17,3,-9,-1,-9,-5,1,2,7,-7,-28,-7,3,-20,0,1
455,13,-13,3,-12,1,-6,-5,0,5,10,-6,-31,-9,7,-18,-2,1
456,16,-9,2,-14,2,-3,-4,-1,6,12,-4,-30,-9,11,-15,-5,1
457,16,-4,0,-13,4,-1,-3,-1,7,12,-5,-30,-7,10,-12,-6,1
458,14,1,-2,-10,5,2,-2,-2,5,11,-6,-26,-4,8,-10,-9,1
459,13,4,-4,-5,6,3,0,-2,3,9,-5,-21,-2,6,-9,-10,1
460,11,1,-7,3,5,4,1,-2,2,7,-4,-15,0,6,-6,-10,1
461,12,-4,-8,9,4,3,3,-2,0,4,-3,-12,1,6,-4,-12,1
462,9,-9,-8,15,4,2,3,-1,0,3,-2,-8,1,7,-3,-12,1
463,-2,9,14,4,1,16,16,-9,-9,10,8,-12,-10,14,4,-12,1
464,-4,12,13,3,1,16,16,-9,-7,12,8,-17,-11,17,2,-12,1
465,-6,13,12,3,-1,17,18,-9,-5,14,7,-19,-10,21,0,-13,1
466,-6,13,11,5,-3,16,18,-9,-4,16,7,-22,-11,22,-3,-12,1
467,-4,9,10,7,-5,16,18,-9,-2,17,6,-24,-10,22,-4,-12,1
468,-1,5,7,6,-4,16,16,-8,-3,17,4,-25,-8,19,-5,-12,1
469,2,4,4,6,-4,14,11,-8,-3,17,3,-25,-9,15,-5,-12,1
470,4,1,0,5,-5,13,6,-6,-3,14,1,-26,-10,11,-5,-12,1
471,5,1,-4,3,-5,13,0,-5,-4,10,-2,-24,-10,8,-7,-11,1
472,3,1,-7,0,-4,12,-6,-5,-3,6,-6,-23,-12,5,-8,-11,1
473,1,3,-10,-2,-4,9,-10,-5,-5,1,-6,-21,-14,3,-11,-9,1
474,-3,3,-14,-4,-5,6,-13,-5,-6,-2,-8,-19,-17,1,-13,-8,1
475,-6,5,-17,-6,-6,4,-18,-4,-7,-7,-10,-18,-18,-2,-15,-8,1
476,-7,4,-19,-5,-7,3,-18,-4,-9,-9,-11,-15,-18,-4,-14,-7,1
477,-18,8,13,-37,-32,13,-1,-14,-24,4,1,-29,-36,1,-8,-4,1
478,-22,10,16,-40,-34,13,-3,-13,-24,5,2,-35,-36,1,-10,-5,1
479,-24,13,17,-42,-34,14,-4,-14,-24,7,3,-40,-38,3,-13,-6,1
480,-25,12,15,-45,-34,12,-5,-14,-23,9,1,-44,-38,5,-15,-8,1
481,-24,10,16,-45,-34,13,-6,-14,-23,12,1,-47,-38,6,-17,-8,1
482,-23,10,15,-43,-32,11,-5,-15,-22,12,2,-48,-36,7,-20,-7,1
483,-24,8,13,-39,-30,9,-7,-15,-20,12,2,-48,-34,7,-22,-6,1
484,-24,7,12,-33,-26,7,-5,-16,-20,12,2,-47,-32,9,-23,-5,1
485,-24,5,10,-26,-23,5,-5,-13,-22,11,1,-43,-32,7,-23,-6,1
486,-22,1,9,-18,-22,6,-4,-11,-23,9,-1,-37,-32,6,-21,-4,1
487,-26,12,14,-35,-34,7,5,-13,-27,4,17,-40,-35,-3,-6,-2,1
488,-28,16,17,-33,-34,12,7,-13,-25,5,19,-42,-31,-3,-8,-2,1
489,-30,19,17,-31,-35,14,9,-13,-24,6,17,-43,-27,-3,-10,-2,1
490,-32,21,16,-31,-34,15,9,-15,-24,5,18,-44,-27,-1,-13,-2,1
491,-31,19,15,-30,-36,14,8,-15,-23,5,16,-44,-28,1,-17,-3,1
492,-29,14,12,-30,-36,13,5,-15,-23,5,13,-43,-29,4,-18,-4,1
493,-26,8,8,-28,-36,10,3,-15,-23,5,10,-40,-34,5,-19,-3,1
494,-13,-12,-1,2,-20,-13,1,7,-21,11,16,-23,-17,7,-4,-4,1
495,-14,-8,3,-1,-18,-13,4,7,-19,8,20,-27,-15,7,-3,-5,1
496,-16,-2,7,-3,-17,-11,5,7,-17,7,24,-31,-14,6,-3,-6,1
497,-20,2,10,-5,-17,-9,7,5,-16,6,25,-35,-15,5,-2,-7,1
498,-21,4,12,-5,-16,-6,8,4,-16,5,28,-39,-17,5,0,-9,1
499,-22,6,12,-5,-18,-3,9,3,-15,6,30,-42,-18,4,2,-11,1
500,-2,-15,-20,7,-12,-5,-13,-1,13,-15,-16,-5,-4,4,-21,-2,1
501,-1,-15,-20,5,-12,-5,-12,-1,15,-13,-14,-8,-5,6,-19,-3,1
502,-1,-13,-18,3,-13,-5,-11,-2,17,-10,-12,-12,-6,9,-17,-4,1
503,-1,-11,-16,-1,-14,-3,-10,-3,18,-7,-11,-17,-6,10,-14,-4,1
504,-5,-8,-13,-4,-17,0,-9,-3,22,-2,-9,-20,-6,10,-12,-5,1
505,-7,-5,-10,-8,-20,2,-8,-4,20,0,-7,-24,-6,11,-10,-7,1
506,-9,-4,-8,-10,-23,3,-7,-4,18,3,-3,-27,-4,11,-8,-7,1
507,-11,-1,-6,-14,-25,3,-7,-3,15,6,0,-30,-4,12,-9,-6,1
508,-13,0,-4,-16,-25,4,-7,-3,12,8,5,-32,-5,12,-8,-8,1
509,-12,1,-2,-17,-25,5,-8,-3,10,9,9,-33,-5,13,-6,-8,1
510,-9,1,-2,-18,-23,7,-8,-3,7,8,11,-32,-6,13,-3,-7,1
511,-6,1,0,-18,-20,8,-8,-3,5,9,15,-29,-8,13,1,-5,1
512,-2,1,2,-16,-14,7,-7,-3,1,9,17,-26,-10,13,5,-6,1
513,2,0,5,-14,-9,7,-4,-3,-3,8,19,-21,-12,14,8,-5,1
514,3,1,8,-13,-6,6,-1,-2,-7,8,21,-17,-14,15,9,-5,1
515,8,7,10,-5,-5,16,14,-9,-6,8,9,3,-8,16,7,-3,1
516,6,9,8,-7,-5,18,12,-10,-8,9,5,7,-9,14,9,-2,1
517,9,12,9,-18,3,8,-2,4,-16,-4,2,5,-9,-14,1,5,1
518,13,13,11,-18,5,12,-2,5,-13,-3,3,2,-3,-14,2,5,1
519,14,14,13,-17,8,14,-2,5,-7,-1,5,-1,4,-13,4,2,1
520,15,15,15,-14,9,17,-3,5,-3,1,7,-3,8,-11,5,-1,1
521,13,16,15,-12,12,19,-3,5,3,1,8,-6,12,-10,6,-1,1
522,11,17,16,-10,14,19,-3,4,7,1,8,-5,15,-9,7,-3,1
523,10,19,16,-9,15,20,-3,3,9,0,9,-5,16,-7,8,-4,1
524,7,20,16,-7,15,19,-1,4,9,-3,11,-5,15,-5,10,-6,1
525,4,22,16,-6,16,15,0,5,8,-5,14,-2,13,-3,11,-7,1
526,0,23,16,-4,17,11,1,6,4,-6,18,1,11,1,13,-7,1
527,-1,23,17,-3,20,5,2,8,2,-7,23,3,10,3,16,-8,1
528,0,22,17,-2,22,3,3,10,2,-7,27,4,12,6,17,-9,1
529,3,20,17,0,25,1,4,10,4,-9,31,5,14,7,21,-11,1
530,7,18,18,2,27,-1,5,11,7,-8,34,3,18,9,24,-12,1
531,9,14,17,3,27,-2,5,12,9,-9,37,3,18,10,26,-13,1
532,10,10,16,5,26,-3,5,13,11,-10,40,-1,17,12,26,-15,1
533,9,7,17,6,23,-3,7,12,14,-12,42,-4,15,15,27,-18,1
534,7,5,17,6,19,-3,8,11,14,-15,44,-7,12,18,25,-18,1
535,4,3,18,6,16,-4,8,10,14,-16,44,-8,10,19,23,-18,1
536,-3,5,22,2,11,1,11,2,10,-7,36,-9,5,20,11,-5,1
537,1,7,21,-2,11,4,12,0,7,-1,33,-10,5,20,9,-4,1
538,5,10,20,-5,14,6,12,-3,4,5,30,-14,2,19,8,-5,1
539,8,13,20,-9,16,8,11,-4,1,9,27,-19,1,17,7,-4,1
540,10,16,19,-14,18,10,9,-5,0,16,26,-23,2,16,7,-5,1
541,13,20,19,-18,18,12,7,-6,0,20,23,-26,4,13,6,-6,1
542,12,21,18,-21,22,11,4,-6,1,23,21,-26,7,11,6,-6,1
543,12,21,18,-22,22,10,2,-5,2,24,20,-28,10,9,7,-6,1
544,9,21,17,-22,22,8,0,-4,3,23,17,-26,13,5,6,-6,1
545,9,21,16,-19,21,7,1,-2,4,21,17,-23,15,5,6,-5,1
546,7,19,15,-16,20,5,1,0,3,19,17,-19,15,4,5,-4,1
547,7,18,13,-15,19,4,1,-1,2,16,19,-16,13,6,6,-4,1
548,8,15,15,-13,19,6,2,0,1,14,20,-12,11,8,7,-5,1
549,9,14,14,-11,19,7,3,-2,-1,14,22,-9,10,12,7,-3,1
550,9,11,14,-9,19,8,2,-4,0,16,23,-9,10,15,8,-3,1
551,8,8,15,-6,18,10,2,-6,0,18,23,-8,11,18,7,-3,1
552,7,5,15,-4,16,11,4,-7,2,21,21,-7,13,20,6,-3,1
553,7,1,16,-1,14,11,4,-8,4,23,19,-7,14,20,7,-3,1
554,8,-3,16,-1,14,11,5,-9,4,24,17,-7,15,19,9,-3,1
555,9,-4,15,0,14,12,5,-9,4,25,15,-6,14,18,10,-4,1
556,9,-5,13,1,14,9,6,-10,3,22,14,-4,11,18,12,-5,1
557,9,-6,14,3,11,9,7,-10,1,22,13,0,8,19,14,-7,1
558,6,-7,11,5,11,7,9,-10,-1,20,12,4,5,20,17,-8,1
559,5,-6,8,9,9,4,12,-9,-2,19,10,9,5,21,19,-9,1
560,2,-8,7,13,6,3,14,-7,-4,19,9,14,3,23,22,-9,1
561,-3,-10,7,17,2,1,14,-5,-5,16,7,19,2,22,24,-11,1
562,-6,-14,-3,-9,-15,9,-19,-5,17,3,-10,-12,-2,3,4,-6,1
563,6,-10,-2,-11,-6,14,-17,-7,19,5,-10,-15,0,3,0,-4,1
564,14,-7,1,-12,0,19,-14,-9,18,7,-9,-19,2,3,-4,-2,1
565,19,-3,3,-11,5,22,-9,-10,15,10,-5,-22,1,4,-7,0,1
566,21,0,5,-10,8,24,-5,-10,11,12,-1,-24,2,4,-10,2,1
567,22,4,6,-7,9,23,-1,-11,8,14,3,-24,6,4,-12,5,1
568,19,4,6,-5,11,22,5,-12,7,16,6,-24,8,4,-14,5,1
569,17,4,7,-4,10,19,8,-11,5,17,7,-24,8,4,-13,7,1
570,14,3,8,-2,6,15,11,-11,5,18,7,-24,8,4,-14,7,1
571,9,-1,9,0,1,11,15,-10,4,18,5,-23,7,4,-12,6,1
572,4,-6,10,3,-5,6,18,-9,5,17,3,-22,6,4,-11,4,1
573,-1,-10,11,4,-10,1,20,-8,6,15,0,-22,6,5,-11,1,1
574,-5,-14,11,6,-14,-4,21,-6,7,14,-1,-20,6,8,-10,-3,1
575,-9,-15,10,5,-18,-5,19,-5,7,12,-3,-20,6,9,-13,-6,1
576,-32,-16,-9,-8,-24,-7,-27,-7,-19,-4,-7,-2,-6,-3,-5,-16,1
577,-34,-16,-9,-2,-21,-5,-27,-6,-21,-4,-6,2,-9,-6,1,-13,1
578,-30,-17,-8,3,-18,-2,-26,-5,-21,-3,-6,6,-11,-8,7,-11,1
579,-26,-15,-5,8,-14,4,-23,-5,-18,-3,-5,10,-9,-8,11,-10,1
580,-19,-14,-5,11,-12,8,-17,-4,-16,-2,-5,13,-8,-8,16,-8,1
581,26,-18,9,-7,-3,6,12,-7,17,3,-10,-11,15,15,-20,-8,1
582,26,-22,7,-11,-5,3,8,-8,18,0,-11,-14,15,11,-26,-6,1
583,24,-27,6,-15,-6,1,3,-9,16,-3,-13,-15,14,6,-29,-7,1
584,-5,-29,1,-32,-21,-7,-20,-15,-14,-25,-25,-8,-26,-29,-18,0,1
585,-9,-15,-10,10,-15,3,-6,-7,0,-7,-17,10,0,8,-14,-9,1
586,-10,0,-17,10,-4,-10,1,-1,-2,-4,-4,1,-1,-10,-8,11,1
587,-7,5,-16,9,-5,-5,1,-1,1,-3,-5,2,-2,-8,-8,10,1
588,-3,10,-16,8,-4,2,3,-1,3,-5,-6,3,-2,-7,-6,9,1
589,1,16,-14,7,-2,6,6,1,4,-5,-7,6,-1,-6,-4,9,1
590,4,22,-12,6,1,9,10,4,5,-6,-7,9,-2,-6,-2,9,1
591,9,26,-11,6,3,10,15,4,4,-7,-7,12,-3,-6,1,8,1
592,11,30,-9,6,5,8,20,6,3,-9,-3,11,-5,-6,3,8,1
593,18,31,0,3,13,1,31,6,10,-1,25,-12,-7,9,18,4,1
594,18,27,3,2,13,-1,31,7,13,2,30,-17,-4,12,18,2,1
595,17,23,4,4,13,-3,31,8,14,3,31,-19,-1,11,20,-1,1
596,14,20,7,4,11,-5,31,6,16,3,31,-21,1,11,21,-4,1
597,8,18,10,4,10,-7,31,6,16,3,29,-21,3,9,22,-6,1
598,4,18,12,2,9,-8,31,5,17,1,26,-19,4,7,22,-8,1
599,0,19,14,-1,6,-9,31,4,16,0,22,-16,5,4,23,-10,1
600,-11,-9,-18,14,-22,-11,-4,11,-12,-14,-26,20,-22,-26,-3,18,1
601,-9,-9,-21,11,-23,-8,-6,11,-11,-14,-26,19,-21,-25,-3,16,1
602,-8,-8,-23,10,-24,-9,-9,11,-9,-13,-29,16,-21,-24,-5,13,1
603,-7,-10,-25,8,-24,-9,-11,12,-7,-15,-31,14,-20,-22,-8,11,1
604,-7,-10,-26,6,-25,-9,-12,10,-6,-18,-33,13,-21,-21,-10,10,1
605,-6,-10,-27,4,-27,-12,-12,11,-7,-19,-35,13,-23,-22,-11,9,1
606,-8,-10,-26,4,-30,-13,-11,11,-9,-21,-36,14,-24,-23,-12,9,1
607,-12,-10,-26,5,-30,-14,-10,12,-13,-23,-38,18,-27,-24,-11,10,1
608,-13,-11,-25,7,-31,-15,-9,13,-15,-25,-36,22,-30,-25,-10,11,1
609,-15,-10,-24,9,-31,-14,-9,14,-17,-25,-36,26,-32,-25,-11,12,1
610,-16,-11,-24,13,-30,-13,-10,14,-19,-27,-35,31,-30,-24,-9,14,1
611,-17,-12,-24,17,-28,-11,-11,16,-19,-27,-34,35,-28,-23,-10,15,1
612,-17,-12,-25,21,-25,-10,-13,15,-19,-25,-34,38,-26,-23,-9,17,1
613,-15,-13,-26,23,-23,-9,-15,16,-19,-21,-35,41,-21,-23,-10,17,1
614,-13,-13,-28,25,-19,-9,-16,17,-21,-17,-36,40,-17,-24,-9,18,1
615,-10,-13,-30,26,-15,-10,-19,17,-21,-13,-36,39,-15,-24,-10,17,1
616,-8,-12,-32,26,-11,-11,-20,15,-22,-10,-35,36,-13,-24,-10,17,1
617,-6,-11,-34,25,-9,-13,-20,16,-23,-9,-34,32,-13,-24,-12,15,1
618,-4,-10,-36,23,-8,-14,-19,14,-20,-8,-32,28,-11,-23,-12,14,1
619,-5,-9,-36,22,-9,-16,-16,12,-16,-8,-31,23,-11,-21,-12,14,1
620,-5,-8,-35,20,-10,-16,-14,11,-11,-8,-30,19,-9,-19,-12,11,1
621,-5,-7,-33,18,-11,-14,-12,9,-5,-7,-28,16,-6,-17,-11,9,1
622,-4,-6,-31,15,-11,-13,-10,8,1,-8,-28,14,-4,-12,-11,7,1
623,-2,-5,-28,12,-10,-11,-8,6,6,-8,-26,13,-2,-8,-11,5,1
624,-3,-4,-26,11,-9,-10,-6,5,10,-8,-26,12,-2,-5,-10,4,1
625,-3,-3,-24,8,-9,-8,-8,4,11,-8,-27,12,-4,-4,-7,3,1
626,-3,-3,-20,5,-8,-5,-11,4,11,-8,-24,13,-5,-4,-3,5,1
627,-5,-4,-17,4,-8,-3,-13,4,7,-7,-21,13,-9,-5,1,5,1
628,-4,-3,-14,1,-7,-3,-16,5,3,-8,-16,13,-13,-5,5,6,1
629,-5,-5,-12,1,-7,-4,-17,6,-1,-8,-11,12,-18,-6,8,8,1
630,-8,-17,-13,4,-15,-8,-19,7,-2,-19,-5,13,-20,-12,7,11,1
631,3,-7,-3,-12,-6,-2,-10,-1,8,-8,2,-10,-7,-12,2,7,1
632,3,-8,-1,-15,-8,-2,-11,-1,7,-7,4,-13,-6,-11,3,5,1
633,3,-8,1,-18,-6,-3,-13,-2,8,-6,3,-13,-5,-8,2,3,1
634,4,-8,3,-19,-5,-2,-15,1,8,-4,3,-13,-4,-8,3,1,1
635,1,-8,4,-19,-4,-2,-17,1,7,-5,5,-13,-3,-7,3,0,1
636,-3,-8,6,-17,-3,-1,-20,1,7,-6,6,-13,-2,-7,2,-1,1
637,-6,-8,4,-14,-5,-1,-21,2,4,-8,8,-13,-4,-7,2,-1,1
638,-9,-9,3,-11,-7,0,-21,3,4,-9,9,-14,-5,-6,2,-1,1
639,-11,-9,2,-8,-9,-1,-20,3,6,-8,10,-14,-5,-4,3,-1,1
640,-11,-11,0,-5,-10,-2,-17,3,6,-8,11,-13,-6,-1,3,0,1
641,-11,-12,-1,-3,-10,-2,-16,2,10,-6,10,-13,-7,3,4,1,1
642,3,-5,-9,-4,-9,1,-4,-4,10,-4,-2,-5,1,16,-7,-9,1
643,2,-5,-8,-1,-7,2,-4,-5,10,-4,-2,-1,3,14,-5,-7,1
644,1,-4,-7,3,-5,2,-3,-4,8,-4,-3,2,4,11,-5,-5,1
645,-1,-5,-7,7,-5,2,0,-5,6,-5,-2,4,2,8,-5,-5,1
646,-7,-9,-8,-1,-9,-6,-7,-3,-3,-13,-4,-8,-10,3,-14,-5,1
647,-7,-9,-10,-4,-9,-7,-12,-2,-3,-11,-5,-9,-10,5,-14,-8,1
648,-6,-10,-12,-5,-8,-7,-15,-1,-4,-8,-4,-10,-10,7,-15,-9,1
649,-4,-10,-13,-6,-7,-7,-17,-2,-3,-6,-5,-10,-10,9,-12,-10,1
650,-3,-10,-14,-5,-5,-6,-18,-2,-2,-6,-5,-9,-9,10,-11,-11,1
651,-2,-11,-14,-4,-4,-6,-19,-2,0,-7,-3,-7,-9,10,-8,-12,1
652,-2,-12,-14,0,-3,-6,-19,-1,-1,-9,-2,-6,-7,9,-6,-13,1
653,-2,-14,-13,2,-2,-6,-18,-2,0,-11,-1,-4,-5,7,-5,-13,1
654,-1,-15,-11,4,0,-5,-18,-2,2,-11,1,-4,-1,5,-5,-14,1
655,-12,11,10,15,11,3,13,-2,-2,5,6,9,0,13,4,0,1
656,-11,10,9,16,10,4,14,-3,-2,4,4,12,-1,11,6,1,1
657,-7,9,7,18,10,4,16,-3,-2,1,3,15,-1,8,8,3,1
658,0,-4,-4,27,9,1,6,2,-5,-4,-7,25,2,-3,3,7,1
659,-2,-5,-5,26,7,1,1,3,-5,-1,-6,23,3,0,2,6,1
660,-3,-5,-7,24,8,1,-4,4,-4,3,-8,18,4,2,0,3,1
661,-4,-5,-6,21,9,-1,-8,5,-2,7,-8,13,5,6,-2,1,1
662,-4,-5,-7,17,9,-2,-11,6,-1,11,-8,9,5,9,-3,-1,1
663,-5,-4,-6,14,9,-4,-11,6,1,15,-9,4,5,10,-4,-2,1
664,-3,-3,-3,10,9,-6,-10,6,0,17,-11,1,4,9,-3,-2,1
665,0,-1,0,6,9,-6,-5,5,1,19,-11,-2,3,8,-2,-2,1
666,3,2,3,3,11,-5,-2,5,3,16,-7,-5,4,5,0,-2,1
667,6,4,3,1,10,-4,2,5,6,14,-2,-8,4,3,3,-1,1
668,8,6,7,-1,11,-2,5,5,8,11,4,-11,4,3,5,0,1
669,8,8,10,-3,14,-1,7,5,10,9,10,-14,4,4,6,1,1
670,9,10,11,-1,16,1,8,4,12,8,16,-17,5,5,6,0,1
671,11,11,11,1,18,1,8,3,11,8,20,-21,6,6,6,1,1
672,11,11,8,3,20,4,7,4,12,8,23,-23,7,6,5,0,1
673,13,10,7,6,21,4,8,3,13,10,24,-27,9,8,3,-2,1
674,11,10,6,6,23,3,7,1,13,11,23,-31,10,9,2,-3,1
675,10,8,5,6,20,0,8,1,14,10,21,-34,10,8,-1,-4,1
676,9,6,6,2,16,-1,7,0,15,10,19,-40,10,5,-3,-6,1
677,9,6,8,-3,14,1,9,-1,17,10,15,-42,9,5,-4,-9,1
678,10,8,10,-8,14,2,9,-3,20,10,11,-43,9,3,-5,-10,1
679,11,9,14,-11,13,4,11,-5,22,12,7,-44,11,3,-6,-12,1
680,13,11,18,-14,13,7,13,-7,23,13,4,-43,12,5,-7,-13,1
681,14,12,20,-14,15,9,15,-8,23,15,4,-40,14,7,-6,-13,1
682,16,10,20,-13,15,10,14,-8,22,12,4,-35,13,9,-5,-13,1
683,14,8,18,-11,14,11,11,-7,21,10,6,-30,12,10,-4,-10,1
684,12,6,14,-9,12,12,4,-6,18,6,7,-25,11,9,-4,-10,1
685,12,4,10,-8,12,12,-2,-5,19,3,6,-20,12,7,-4,-7,1
686,12,2,5,-7,12,12,-8,-3,17,1,5,-17,12,5,-5,-6,1
687,13,1,3,-8,12,10,-13,-2,16,2,2,-15,13,2,-7,-5,1
688,14,1,-1,-7,12,9,-15,-1,14,4,-2,-14,14,-1,-8,-4,1
689,14,-1,-4,-5,12,8,-16,-1,12,6,-6,-13,16,-3,-10,-3,1
690,13,-1,-6,-4,11,5,-15,1,9,8,-9,-12,16,-4,-12,-3,1
691,10,-3,-7,0,10,2,-14,2,7,9,-13,-10,14,-3,-14,-1,1
692,8,-4,-7,3,8,2,-14,2,5,9,-13,-7,12,-4,-15,-1,1
693,6,-5,-4,6,9,5,-15,2,5,8,-12,-5,12,-2,-14,0,1
694,4,-6,-3,8,7,7,-16,2,5,7,-11,-2,9,-1,-12,1,1
695,1,-6,0,9,7,11,-15,3,3,6,-9,1,9,1,-10,1,1
696,-3,-6,3,10,5,10,-13,1,2,6,-7,3,8,1,-7,1,1
697,-7,-5,5,11,3,7,-9,3,2,7,-6,5,8,0,-4,2,1
698,-10,-4,7,10,1,4,-4,3,2,5,-4,7,9,-1,-2,4,1
699,-18,7,4,-2,-11,12,-4,-6,19,3,-12,-10,11,5,-10,-7,1
700,-6,5,-1,-4,4,-8,1,-1,5,-3,-2,-2,12,-4,-6,-5,2
701,-6,7,1,-1,4,-7,4,-1,5,-4,-1,-3,12,-5,-4,-5,2
702,-4,5,0,3,4,-7,7,1,1,-2,1,0,10,-4,-2,-5,2
703,14,11,4,4,23,0,9,1,29,12,3,4,32,13,4,1,2
704,19,11,5,5,28,0,9,2,37,15,3,8,40,14,7,2,2
705,24,10,3,5,34,-1,7,3,47,16,7,11,51,16,10,5,2
706,30,9,4,4,39,-1,6,1,58,19,6,14,62,18,11,5,2
707,51,19,3,-3,32,30,12,-4,90,2,3,3,102,-7,-3,3,2
708,44,16,3,-5,23,28,11,-5,78,-2,3,4,89,-10,-1,4,2
709,36,14,2,-8,14,27,9,-5,63,-7,3,3,74,-13,-2,4,2
710,28,13,2,-9,7,24,8,-5,49,-7,3,1,61,-17,-1,3,2
711,20,14,2,-8,1,23,7,-4,35,-8,4,-1,52,-18,-1,1,2
712,13,16,2,-6,-4,21,6,-2,27,-7,5,-2,47,-20,-1,0,2
713,8,16,2,-4,-6,21,6,1,23,-5,5,-2,44,-22,-1,0,2
714,4,15,1,-1,-10,20,7,2,19,-4,3,0,41,-24,0,2,2
715,2,15,1,-1,-10,19,7,1,16,-5,3,0,38,-25,1,2,2
716,-1,12,-1,-3,-14,18,6,-1,11,-6,0,-2,30,-27,1,0,2
717,-4,9,-2,-6,-19,18,2,-4,5,-7,-2,-6,22,-30,-1,-3,2
718,-9,7,-3,-9,-24,14,1,-5,-1,-8,-5,-10,15,-33,-1,-6,2
719,-14,6,-6,-10,-29,12,-1,-6,-8,-10,-6,-12,8,-34,-4,-7,2
720,-19,5,-7,-12,-36,10,-2,-6,-16,-13,-7,-12,1,-35,-6,-7,2
721,-22,5,-8,-14,-39,9,-2,-6,-24,-13,-8,-11,-7,-34,-8,-7,2
722,-25,4,-8,-15,-42,7,-1,-7,-33,-14,-7,-10,-17,-33,-9,-6,2
723,-27,4,-6,-14,-43,6,0,-7,-40,-15,-6,-8,-24,-31,-9,-5,2
724,-29,4,-4,-11,-44,5,3,-7,-44,-15,-6,-6,-29,-30,-9,-4,2
725,-31,2,-5,-10,-45,5,3,-5,-47,-14,-6,-4,-33,-30,-8,-2,2
726,-31,1,-4,-7,-46,5,4,-3,-47,-13,-7,-5,-32,-30,-9,-1,2
727,-32,0,-5,-5,-46,5,1,0,-46,-15,-8,-6,-33,-33,-9,0,2
728,-32,-2,-7,-5,-46,4,-2,-1,-43,-19,-9,-7,-32,-35,-10,0,2
729,-32,-1,-9,-7,-46,2,-3,-1,-40,-23,-10,-9,-32,-39,-10,0,2
730,-36,-1,-10,-8,-48,-1,-4,-3,-38,-27,-10,-10,-32,-43,-9,-3,2
731,-39,0,-10,-8,-50,-2,-4,-3,-40,-28,-9,-10,-31,-46,-8,-4,2
732,-40,3,3,-8,-49,7,5,-7,-38,-14,-3,-9,-33,-16,-11,-3,2
733,-36,1,0,-13,-46,8,2,-8,-42,-8,-3,-10,-36,-15,-10,-4,2
734,-32,2,-1,-15,-45,8,0,-9,-46,-5,-4,-14,-39,-15,-9,-5,2
735,-31,1,-2,-14,-43,6,0,-9,-44,-4,-4,-16,-42,-16,-7,-5,2
736,-28,1,-2,-13,-40,5,1,-8,-42,-5,-4,-17,-41,-16,-6,-5,2
737,-24,2,-2,-13,-37,4,2,-6,-36,-7,-4,-18,-39,-17,-5,-5,2
738,-23,2,-1,-13,-35,4,3,-7,-32,-8,-4,-19,-36,-15,-5,-7,2
739,-22,2,-1,-12,-34,3,3,-7,-29,-9,-4,-19,-34,-13,-5,-8,2
740,-23,-3,-4,-15,-36,1,-1,-9,-28,-4,-1,-9,-28,-6,-6,-3,2
741,-23,-2,-5,-14,-34,1,-3,-9,-30,-4,-1,-7,-29,-7,-5,-2,2
742,-23,-3,-5,-12,-31,1,-4,-6,-32,-5,-3,-6,-31,-9,-5,1,2
743,-24,-3,-4,-8,-31,0,-3,-6,-32,-9,-3,-5,-33,-12,-3,1,2
744,-26,-3,-4,-4,-32,-1,-2,-2,-33,-12,-4,-4,-35,-17,-2,1,2
745,-33,-3,-3,-11,-38,-2,-1,-8,-41,-13,-3,-4,-40,-20,-2,0,2
746,-33,-2,-2,-13,-38,0,-2,-9,-40,-14,-2,-5,-41,-17,-2,0,2
747,-31,0,-2,-12,-36,-1,-1,-7,-36,-14,0,-5,-40,-14,-1,0,2
748,-30,3,-3,-8,-34,0,-1,-2,-32,-13,0,-5,-38,-12,1,0,2
749,-28,5,-5,-6,-32,-1,-1,0,-30,-10,0,-6,-35,-11,2,-1,2
750,-27,4,-4,-4,-31,-2,0,3,-31,-8,-1,-6,-34,-10,1,-1,2
751,-26,5,-3,-4,-30,-3,2,2,-31,-5,-1,-5,-34,-9,0,-1,2
752,-26,4,0,-5,-29,-2,3,1,-33,-3,-3,-7,-33,-9,-1,-1,2
753,-26,4,1,-6,-30,-1,4,-1,-29,-2,-4,-8,-31,-10,0,-2,2
754,-23,4,3,-7,-26,-1,4,-2,-28,1,-3,-6,-30,-10,3,3,2
755,-22,5,2,-6,-25,-2,4,0,-30,2,-2,-4,-31,-9,3,4,2
756,-24,4,-1,-7,-14,-1,-9,-4,-25,-13,-2,-2,-31,-15,4,0,2
757,-23,3,0,-8,-14,-1,-8,-5,-29,-9,-3,-1,-33,-12,2,1,2
758,-21,3,1,-7,-15,-3,-6,-4,-31,-7,-2,0,-34,-10,0,2,2
759,-20,0,-1,-6,-17,-4,-2,-3,-33,-7,-2,0,-35,-8,-1,3,2
760,-13,4,1,-1,-8,-3,-1,4,-22,5,1,-8,-22,-2,6,-4,2
761,-11,4,0,-2,-7,-3,-1,4,-21,5,2,-9,-22,-2,5,-4,2
762,-11,3,0,-5,-9,-5,-3,2,-19,3,0,-10,-23,-2,3,-3,2
763,-18,-3,-4,-16,-20,-5,-4,-9,-21,-6,0,-10,-32,1,-1,-5,2
764,-23,-1,-3,-16,-24,-4,-4,-12,-28,-6,0,-7,-35,2,-3,-3,2
765,-24,-1,-2,-12,-25,-1,-2,-11,-30,-4,-1,-8,-39,2,-5,0,2
766,-22,0,0,-5,-23,3,1,-7,-30,-5,-3,-7,-39,2,-6,0,2
767,-17,1,2,2,-20,5,5,-3,-26,-6,-4,-6,-38,0,-6,1,2
768,-13,1,1,-14,-11,-10,-2,0,-32,7,6,-9,-36,5,2,-3,2
769,-13,-1,-2,-13,-13,-11,-4,0,-32,6,4,-10,-38,6,1,-1,2
770,-16,-1,-3,-10,-14,-12,-3,1,-32,5,2,-10,-40,5,0,-1,2
771,-18,-1,-4,-7,-14,-11,-3,0,-31,3,-1,-11,-40,2,-2,-1,2
772,-8,-6,-6,-12,-12,-5,-5,-11,-37,7,-5,-3,-33,-9,4,1,2
773,-8,-6,-4,-10,-12,-4,-3,-9,-37,6,-5,-3,-31,-8,-2,2,2
774,-9,-6,-1,-6,-12,-3,1,-7,-35,5,-5,-4,-29,-8,-7,2,2
775,-11,-3,-1,-7,-7,-10,-5,0,-28,2,2,-4,-22,2,-5,-2,2
776,-8,-5,-3,-4,-6,-10,-6,3,-25,3,4,-6,-19,5,-6,-2,2
777,-10,-2,-11,0,-10,-12,-7,3,-23,-2,3,-4,-28,3,-2,-3,2
778,-15,2,-10,-2,-11,-10,-5,0,-7,-7,-4,-8,-16,-3,-3,-4,2
779,-15,3,-8,-5,-9,-10,-5,-2,-1,-6,-6,-9,-10,-6,-2,-5,2
780,-7,3,2,-7,0,-6,0,-5,-14,4,-3,-7,-9,-6,-1,-4,2
781,-5,2,3,-3,2,-4,3,-4,-22,7,0,-3,-12,-3,0,-2,2
782,-5,2,5,3,4,-3,5,-1,-26,8,3,2,-14,-2,2,0,2
783,2,3,-3,-2,4,-6,1,2,-8,1,-3,-4,-5,-4,-3,-2,2
784,3,2,-7,3,6,-7,0,3,-8,1,-5,-2,-6,-6,-2,0,2
785,0,1,-10,-4,7,-8,-2,-11,8,-12,-5,-2,-5,-1,-5,-2,2
786,-1,-6,-11,-2,-3,-13,3,-8,6,2,-2,-13,1,2,-4,-4,2
787,-3,-9,-10,-1,-3,-14,5,-10,7,1,-1,-9,2,1,-1,-3,2
788,-1,-10,-8,0,0,-13,6,-13,9,-1,-2,-7,2,0,1,-3,2
789,4,2,5,12,20,-8,16,-8,8,1,4,17,8,4,8,6,2
790,0,1,4,8,20,-9,12,-8,6,-2,4,12,7,5,7,3,2
791,-1,-1,2,4,17,-11,7,-8,3,-1,4,7,6,6,4,-2,2
792,-2,-6,0,-1,14,-15,1,-8,4,-2,4,3,5,7,1,-4,2
793,-2,-12,-2,-3,11,-19,-4,-8,3,-4,3,2,4,7,-2,-6,2
794,-3,-16,-4,-5,10,-22,-6,-7,1,-4,2,1,2,7,-3,-6,2
795,-3,-19,-3,-2,8,-24,-6,-6,-1,-4,0,1,0,6,-4,-6,2
796,-3,-20,-4,0,7,-23,-5,-6,0,-5,1,1,-1,5,-3,-6,2
797,-1,-18,-2,2,9,-20,-3,-6,4,-5,0,1,2,6,-3,-6,2
798,0,-14,0,5,11,-15,0,-6,6,-5,1,1,5,7,-5,-7,2
799,2,-10,0,5,14,-12,2,-6,7,-5,2,1,8,7,-3,-6,2
800,-17,1,-7,3,-4,-10,-7,3,0,2,0,-6,5,0,-4,-4,2
801,-18,2,-6,2,-6,-12,-6,1,-1,-1,-1,-8,5,-3,-7,-6,2
802,-19,2,-6,3,-4,-12,-5,0,0,-3,-2,-8,5,-3,-8,-7,2
803,-17,2,-5,3,-2,-13,-2,-1,1,-6,-3,-5,7,-5,-8,-5,2
804,-12,0,-3,5,2,-13,1,0,3,-6,-1,1,11,-6,-7,-3,2
805,-8,-2,-1,8,4,-13,5,1,5,-7,-1,5,14,-7,-5,0,2
806,-6,-4,1,10,4,-13,9,3,3,-9,0,9,12,-7,-3,2,2
807,-3,-9,-1,11,2,-11,3,5,-1,7,2,-3,15,-5,0,-4,2
808,-4,-10,-1,9,1,-11,1,2,4,6,-2,-2,19,-4,-5,-5,2
809,-4,-10,-2,6,-2,-10,-1,2,6,5,-2,-5,22,-4,-7,-6,2
810,-3,-10,-3,3,-3,-10,-4,2,4,4,-4,-7,19,-7,-9,-6,2
811,-4,-8,-4,-1,-6,-6,-6,1,3,2,-4,-8,15,-8,-8,-7,2
812,-7,-3,-6,-7,-10,-3,-8,-1,2,-4,-2,-10,8,-8,-7,-5,2
813,-8,0,-5,-6,-11,-1,-8,-1,0,-5,1,-10,5,-7,-6,-7,2
814,-1,-3,6,12,2,1,10,3,-3,5,4,8,13,0,2,-1,2
815,0,-2,5,8,1,2,5,3,-1,7,4,8,16,3,0,1,2
816,0,-2,2,3,2,3,-1,1,1,8,2,6,15,3,-2,1,2
817,-4,-5,5,-2,0,-6,-2,2,2,2,3,-5,7,1,-2,-6,2
818,-6,-6,5,-1,-3,-7,-1,2,1,3,3,-4,11,-1,0,-6,2
819,-6,-7,4,-1,-5,-7,-2,2,0,7,2,-2,12,-2,2,-5,2
820,-5,-7,2,-4,-6,-6,-3,1,-1,7,0,-1,13,-4,1,-5,2
821,-4,5,4,-5,-1,1,3,-3,-6,-5,5,-3,3,-9,5,-4,2
822,-4,3,0,-10,2,-3,-3,-6,-8,-10,-1,2,-9,-9,1,-2,2
823,-2,4,-1,-8,2,0,-5,-3,-8,-11,0,-2,-12,-8,2,-3,2
824,5,-5,-1,-8,-2,-3,-9,5,-16,6,3,1,-3,-3,3,-2,2
825,5,-5,-2,-12,-4,-2,-11,3,-14,6,2,-2,-3,-1,-3,-3,2
826,2,-1,3,-11,-2,-1,0,-7,-10,-8,-4,-9,-13,-8,-5,-4,2
827,4,-2,3,-5,4,-3,4,-5,-12,-5,-2,-4,-12,-5,-5,-2,2
828,6,-3,5,0,8,-2,6,-3,-11,-1,0,-1,-8,0,-3,-1,2
829,7,-3,6,3,10,-4,7,-3,-7,1,1,5,-1,4,-3,0,2
830,2,-2,5,3,7,1,4,-4,13,-8,1,10,12,2,-5,4,2
831,-2,-1,4,5,3,2,3,-2,11,-7,0,8,12,-2,-4,5,2
832,-4,0,5,8,-1,4,2,3,7,-7,-1,6,9,-7,-1,4,2
833,-12,-3,-4,-2,-14,1,-8,0,1,-2,1,4,7,-4,2,2,2
834,-9,1,-3,-5,-11,2,-7,0,6,-4,0,-1,7,-4,-1,-1,2
835,-6,3,-1,-8,-9,4,-6,0,7,-4,-1,-7,7,-5,-4,-3,2
836,-2,-5,1,-15,-16,6,-8,-3,0,3,0,-7,5,-5,-1,-1,2
837,-3,-5,1,-13,-17,5,-8,-2,1,3,-1,-5,6,-3,-4,-2,2
838,-5,-3,0,-13,-17,4,-6,-2,6,3,-2,-8,8,-1,-5,-4,2
839,-7,-1,-1,-13,-17,3,-5,-3,8,5,-4,-11,9,0,-6,-4,2
840,-10,1,0,-14,-17,3,-4,-4,9,6,-4,-14,9,-2,-6,-6,2
841,-12,3,1,-12,-17,2,-1,-2,9,7,-6,-15,10,-2,-6,-6,2
842,-10,2,2,-8,-17,2,2,-2,7,6,-7,-13,8,-5,-6,-6,2
843,-10,2,-3,5,-20,7,7,-1,20,-8,-5,11,16,-10,3,8,2
844,-10,3,-2,5,-19,6,8,1,24,-9,-6,5,18,-8,-2,5,2
845,-9,2,-2,5,-17,6,5,0,20,-6,-6,-2,16,-6,-6,0,2
846,-7,-3,-3,6,-18,7,4,2,14,-4,-6,-6,12,-5,-8,-2,2
847,-6,-6,-4,5,-19,6,0,2,8,-1,-6,-7,8,-3,-8,-3,2
848,-5,-6,-5,3,-19,7,-3,2,1,3,-4,-5,6,-2,-7,-3,2
849,-3,-7,-7,1,-20,7,-7,0,-5,4,-2,-3,4,-2,-7,-1,2
850,-1,-5,-9,-2,-20,9,-7,0,-9,7,-1,-1,3,-3,-5,0,2
851,-1,-2,-10,-5,-18,9,-7,-3,-9,8,-1,-2,4,-6,-4,1,2
852,0,1,-10,-7,-17,9,-6,-3,-5,7,-2,-4,7,-7,-4,1,2
853,0,3,-10,-9,-13,8,-6,-4,2,4,-5,-7,10,-8,-6,-1,2
854,1,6,-8,-9,-10,8,-5,-4,10,2,-5,-11,14,-7,-8,-2,2
855,0,7,-1,3,0,6,6,-4,7,0,-2,0,5,-7,3,4,2
856,2,8,0,-1,2,8,6,-6,11,-2,-1,-1,10,-10,4,4,2
857,5,8,1,-3,4,10,5,-7,14,-2,0,-3,12,-10,4,3,2
858,8,8,0,-3,4,10,5,-7,16,-3,0,-5,14,-8,3,2,2
859,9,7,-1,-2,6,9,5,-6,17,-4,0,-6,12,-7,-1,1,2
860,9,7,-2,0,7,7,4,-4,13,-5,-1,-5,10,-3,-4,0,2
861,9,5,-6,9,9,0,4,5,8,-5,-4,7,10,-8,-3,5,2
862,9,3,-5,7,9,0,1,4,9,-4,-2,4,14,-7,-2,4,2
863,8,2,-4,4,8,-1,-1,2,9,-1,1,3,14,-6,0,2,2
864,3,7,0,-1,11,1,-3,-2,-4,12,4,1,10,3,2,-1,2
865,5,8,-2,2,13,3,-3,0,-6,12,3,1,7,2,0,-1,2
866,15,-4,-2,-3,13,0,-2,-3,15,0,1,-4,17,1,-4,-2,2
867,9,5,-1,-4,14,2,-1,-9,3,-1,1,2,13,-12,4,0,2
868,9,3,-4,0,14,0,0,-6,4,-5,0,3,14,-16,3,0,2
869,8,0,-5,4,11,-1,2,-3,5,-7,-1,4,16,-16,1,2,2
870,8,-4,-7,9,7,-4,3,0,5,-8,-1,5,15,-14,-3,3,2
871,5,-6,-8,13,5,-6,5,3,2,-8,-1,5,15,-12,-5,2,2
872,2,-8,-7,11,0,-6,2,2,3,-7,0,6,14,-6,-7,0,2
873,-1,0,-2,-5,12,-11,-11,0,2,6,-4,-2,17,2,-11,-4,2
874,-2,1,-2,-4,11,-10,-11,-1,2,6,-3,-4,14,-1,-8,-5,2
875,-2,0,-1,-6,9,-10,-9,-1,0,5,-2,-6,13,-3,-4,-8,2
876,-4,1,0,-6,8,-8,-8,-2,-2,2,-2,-7,10,-8,-2,-8,2
877,-4,0,1,-7,6,-7,-6,-4,-3,-2,-1,-6,8,-12,2,-8,2
878,-5,-1,1,-7,4,-5,-5,-5,-1,-6,0,-4,6,-13,4,-8,2
879,-5,0,5,13,11,-8,8,3,0,8,-1,6,17,-3,-5,2,2
880,-5,-4,5,12,9,-8,8,3,-2,5,-4,7,14,-7,-1,2,2
881,-3,-8,-1,-3,-2,-10,-1,-2,3,-5,-4,-2,4,-5,-9,0,2
882,-2,-5,-2,-4,-1,-9,-1,0,6,-6,-4,-3,7,-7,-7,-1,2
883,0,-2,0,-4,0,-7,-2,1,5,-7,-3,-4,6,-8,-6,-1,2
884,2,1,0,-3,2,-4,-1,3,5,-7,-2,-4,5,-8,-4,-2,2
885,3,3,0,-5,1,0,1,3,-3,-7,1,-1,-4,-5,0,-1,2
886,2,-2,2,2,-1,-4,6,2,8,1,-3,1,4,1,1,-1,2
887,2,0,2,3,2,-4,6,3,13,2,-3,0,11,3,-1,-1,2
888,2,3,3,2,3,-3,6,3,14,5,-3,0,12,6,-3,-1,2
889,4,2,8,-3,0,3,7,-1,0,7,3,-2,-7,18,-2,-4,2
890,1,1,9,-4,-3,5,7,-1,-2,7,5,-3,-10,20,0,-3,2
891,0,1,9,-6,-5,5,7,-2,-1,7,6,-3,-9,19,1,-5,2
892,5,-3,3,-1,0,3,3,-2,1,5,1,2,-1,1,4,4,2
893,5,-5,2,1,0,2,3,-2,0,3,0,2,-1,0,5,4,2
894,6,-6,1,2,1,-1,4,-1,-1,1,-2,3,-3,-2,4,3,2
895,7,-6,-1,4,2,-2,5,1,-2,-2,-1,3,-5,-2,3,3,2
896,8,-4,-1,3,3,-2,3,0,-1,-4,-2,3,-6,1,-3,4,2
897,8,-1,-3,1,3,-1,2,-1,4,-6,-3,1,-5,5,-5,3,2
898,12,-8,-5,-3,4,0,-5,-3,3,8,1,-6,-3,7,2,-1,2
899,12,-10,-7,-4,2,0,-8,-3,4,6,1,-7,-3,4,2,-2,2
900,24,5,-10,-2,23,3,-4,-6,-8,1,-3,23,4,-9,4,14,3
901,28,2,-9,-8,16,8,-6,-4,-8,5,-5,17,0,-6,2,11,3
902,29,-1,-9,-13,7,10,-7,-4,-9,6,-7,12,-7,-3,1,10,3
903,27,-4,-9,-18,-3,12,-8,-3,-9,6,-9,8,-12,1,0,8,3
904,23,-8,-9,-20,-13,12,-9,-4,-10,4,-10,5,-17,3,-1,5,3
905,17,-11,-12,-23,-22,10,-10,-7,-9,0,-11,4,-21,3,-2,4,3
906,10,-16,-15,-22,-28,7,-12,-10,-9,-3,-11,2,-26,3,-2,2,3
907,3,-22,-18,-21,-32,3,-15,-13,-14,-4,-10,1,-29,4,-3,1,3
908,-4,-28,-22,-18,-34,-3,-18,-18,-17,-6,-8,0,-34,4,-3,1,3
909,-10,-35,-25,-17,-33,-11,-19,-23,-24,-7,-8,0,-38,4,-4,0,3
910,-17,-40,-27,-13,-31,-18,-22,-26,-30,-9,-7,-1,-44,4,-5,-2,3
911,-23,-43,-28,-12,-30,-25,-23,-28,-35,-11,-6,-1,-48,3,-6,-1,3
912,-28,-43,-28,-10,-29,-30,-24,-27,-36,-14,-6,-1,-49,3,-8,-3,3
913,-33,-42,-27,-8,-29,-33,-24,-25,-37,-15,-6,-1,-47,2,-9,-4,3
914,-37,-39,-26,-6,-30,-33,-23,-22,-33,-15,-8,-1,-42,1,-10,-5,3
915,-36,-35,-24,-4,-30,-33,-20,-18,-29,-16,-9,-1,-36,-1,-11,-6,3
916,-35,-31,-21,-1,-29,-28,-18,-13,-24,-18,-12,2,-30,-4,-11,-6,3
917,-33,-26,-17,3,-27,-26,-14,-7,-20,-23,-15,4,-27,-9,-11,-6,3
918,-31,-22,-13,7,-25,-22,-11,-1,-18,-29,-15,6,-25,-14,-11,-6,3
919,-28,-14,-9,10,-22,-16,-8,6,-16,-32,-16,8,-24,-18,-10,-4,3
920,-26,-4,-4,13,-18,-10,-4,13,-15,-32,-18,9,-23,-21,-8,-2,3
921,-23,6,2,17,-14,-5,-2,20,-12,-30,-16,10,-19,-22,-7,-1,3
922,-22,15,4,17,-10,1,1,24,-9,-23,-15,10,-13,-20,-6,1,3
923,-21,24,8,18,-10,6,3,30,-5,-16,-13,8,-8,-17,-5,3,3
924,-18,31,11,17,-8,10,5,34,-2,-10,-12,7,-4,-14,-4,5,3
925,-14,34,13,16,-9,14,7,38,1,-6,-9,5,-1,-12,-3,6,3
926,-12,38,14,16,-11,19,9,40,2,-1,-6,4,1,-10,-2,7,3
927,-9,39,16,14,-12,21,9,43,3,4,-3,0,4,-6,-1,7,3
928,-4,40,18,12,-12,23,10,44,5,10,-1,-3,6,-2,0,6,3
929,-1,40,19,10,-12,25,11,44,6,18,1,-7,6,4,1,6,3
930,0,41,20,7,-12,26,10,42,5,23,2,-11,6,9,1,7,3
931,0,43,20,4,-12,28,11,40,2,30,3,-13,0,13,1,8,3
932,-1,42,18,1,-14,29,12,35,-4,32,4,-14,-9,16,1,12,3
933,-2,43,16,-2,-16,30,9,31,-10,30,5,-13,-18,15,2,13,3
934,-2,39,13,-3,-17,29,8,26,-16,26,7,-10,-26,13,3,16,3
935,-3,36,10,-4,-17,28,9,22,-21,23,7,-6,-32,12,6,18,3
936,-3,32,8,-4,-17,25,8,17,-25,21,8,-2,-35,11,8,18,3
937,-5,30,5,-2,-16,23,7,13,-26,17,9,4,-35,9,13,18,3
938,-7,28,4,0,-15,22,6,11,-25,12,9,9,-34,7,16,16,3
939,-9,26,4,2,-13,20,7,11,-22,13,10,12,-33,6,20,16,3
940,-9,25,4,4,-12,17,6,12,-22,13,12,13,-29,6,21,16,3
941,-10,23,5,6,-10,15,6,13,-20,17,10,12,-24,8,21,17,3
942,-9,22,4,7,-6,13,5,13,-17,23,9,11,-19,10,20,15,3
943,-9,19,2,9,-7,10,5,12,-15,27,8,11,-11,12,17,13,3
944,-10,16,2,12,-5,8,5,12,-14,29,8,12,-7,14,17,10,3
945,-12,12,0,14,-5,5,5,10,-13,29,8,13,-4,15,16,9,3
946,-13,7,-2,16,-7,1,5,8,-14,25,8,14,-4,13,16,8,3
947,-15,2,-4,17,-8,-2,5,5,-18,20,8,15,-8,12,17,7,3
948,-16,-3,-7,16,-9,-6,3,2,-22,17,7,17,-13,10,16,5,3
949,-16,-7,-9,13,-9,-9,1,-2,-25,14,6,20,-15,7,16,5,3
950,-16,-9,-12,10,-7,-11,-1,-6,-26,10,4,23,-12,3,18,6,3
951,-16,-12,-13,7,-7,-13,-2,-10,-24,7,2,28,-10,-1,19,4,3
952,-16,-14,-15,5,-7,-16,-3,-14,-22,3,0,30,-8,-6,19,4,3
953,-16,-17,-17,4,-8,-17,-4,-19,-18,-2,-3,31,-4,-11,19,4,3
954,-17,-20,-18,3,-10,-19,-4,-20,-19,-6,-5,30,-5,-15,17,4,3
955,-19,-22,-19,2,-13,-20,-4,-21,-17,-11,-7,30,-7,-19,15,4,3
956,-20,-24,-20,1,-16,-19,-5,-22,-17,-15,-8,26,-10,-21,12,6,3
957,-22,-25,-20,0,-19,-21,-5,-22,-18,-17,-9,23,-14,-21,10,5,3
958,-23,-25,-20,-1,-21,-20,-7,-21,-19,-17,-9,21,-18,-20,7,5,3
959,-24,-24,-19,-2,-24,-20,-7,-21,-19,-16,-8,15,-20,-19,5,5,3
960,-26,-24,-17,-5,-24,-19,-7,-20,-18,-16,-8,11,-20,-18,3,4,3
961,-25,-23,-16,-7,-25,-17,-8,-21,-17,-17,-7,5,-20,-18,2,2,3
962,-25,-23,-16,-9,-25,-18,-9,-19,-15,-17,-6,1,-20,-18,0,-1,3
963,-24,-23,-15,-11,-27,-17,-11,-20,-12,-19,-7,-3,-21,-18,-2,-2,3
964,-24,-24,-14,-13,-27,-17,-13,-19,-11,-22,-6,-7,-24,-17,-4,-4,3
965,-23,-23,-14,-14,-28,-16,-13,-19,-9,-25,-7,-11,-24,-15,-6,-5,3
966,-22,-24,-14,-16,-28,-16,-14,-19,-8,-23,-8,-14,-24,-15,-8,-6,3
967,-20,-25,-15,-16,-29,-16,-13,-18,-6,-21,-9,-17,-22,-14,-9,-7,3
968,-19,-25,-14,-16,-29,-15,-13,-17,-3,-19,-10,-20,-20,-12,-9,-6,3
969,-17,-25,-15,-17,-28,-14,-14,-16,4,-18,-10,-22,-16,-11,-11,-7,3
970,-14,-24,-14,-16,-26,-12,-13,-16,9,-18,-11,-24,-12,-9,-14,-8,3
971,-9,-23,-14,-16,-23,-11,-12,-16,12,-14,-12,-26,-10,-6,-16,-8,3
972,-6,-21,-14,-16,-20,-8,-12,-15,14,-12,-10,-26,-4,-4,-18,-8,3
973,-3,-18,-14,-14,-16,-6,-12,-15,14,-8,-8,-25,-1,-1,-18,-8,3
974,0,-14,-15,-13,-11,-4,-13,-14,14,-4,-8,-25,4,1,-18,-8,3
975,2,-9,-14,-14,-7,-3,-13,-13,17,0,-6,-25,8,2,-19,-8,3
976,2,-4,-13,-15,-4,-2,-13,-12,18,3,-6,-27,11,1,-18,-7,3
977,3,0,-11,-16,0,-1,-14,-11,21,4,-4,-27,14,3,-19,-7,3
978,4,3,-10,-18,3,-1,-14,-10,23,5,-2,-30,16,2,-17,-7,3
979,5,5,-9,-21,6,-1,-16,-9,22,6,-2,-31,16,3,-17,-8,3
980,7,6,-8,-21,9,-1,-16,-7,21,8,-1,-32,17,4,-16,-8,3
981,10,8,-6,-22,14,-1,-18,-6,20,11,0,-31,14,6,-14,-8,3
982,12,11,-4,-22,18,-1,-17,-4,17,11,1,-31,12,8,-14,-7,3
983,14,13,-3,-23,21,0,-16,-3,18,11,2,-32,10,10,-14,-6,3
984,15,15,-2,-24,22,1,-16,-3,18,12,3,-33,7,11,-16,-4,3
985,16,15,0,-25,21,2,-17,-1,19,12,2,-35,5,14,-20,-2,3
986,16,15,2,-25,19,3,-16,2,20,12,1,-37,4,14,-21,0,3
987,15,13,3,-24,16,4,-15,3,21,13,1,-37,2,16,-21,1,3
988,15,11,4,-23,12,5,-16,5,16,15,1,-37,-2,16,-21,2,3
989,11,8,4,-21,8,2,-16,7,9,16,2,-37,-7,16,-20,4,3
990,10,5,4,-19,6,1,-14,7,4,14,3,-35,-12,16,-19,3,3
991,7,2,4,-16,3,-1,-13,7,-2,11,4,-32,-19,15,-19,4,3
992,4,-2,4,-12,0,-3,-11,7,-6,7,5,-28,-23,14,-17,3,3
993,1,-3,3,-8,-3,-3,-8,7,-8,3,4,-24,-26,13,-15,1,3
994,0,-4,2,-5,-2,-3,-7,5,-9,-1,4,-19,-26,14,-12,1,3
995,2,-2,3,-3,1,-2,-5,5,-10,0,4,-14,-25,14,-9,-1,3
996,3,2,4,-1,5,1,-4,5,-11,1,5,-9,-21,13,-6,-1,3
997,5,6,6,-2,9,2,-3,6,-12,4,5,-4,-18,13,-3,2,3
998,7,9,8,-1,13,5,-1,7,-14,7,8,-1,-13,11,2,3,3
999,8,13,10,-1,16,6,-1,10,-16,10,10,2,-11,11,4,4,3
